source_name,url,retrieved_at,http_status,bytes,notes
transfermarkt_goal_log,https://www.transfermarkt.com/alan-shearer/alletore/spieler/3110,2026-09-11T00:00:51Z,200,1013K,NA
football_data_co_uk,https://www.football-data.co.uk/mmz4281/9394/E0.csv,2026-09-11T00:01:15Z,200,25.8K,9394
football_data_co_uk,https://www.football-data.co.uk/mmz4281/9495/E0.csv,2026-09-11T00:01:19Z,200,26.1K,9495
football_data_co_uk,https://www.football-data.co.uk/mmz4281/9596/E0.csv,2026-09-11T00:01:22Z,200,22.6K,9596
football_data_co_uk,https://www.football-data.co.uk/mmz4281/9697/E0.csv,2026-09-11T00:01:26Z,200,22.8K,9697
football_data_co_uk,https://www.football-data.co.uk/mmz4281/9798/E0.csv,2026-09-11T00:01:30Z,200,20.7K,9798
football_data_co_uk,https://www.football-data.co.uk/mmz4281/9899/E0.csv,2026-09-11T00:01:34Z,200,20.9K,9899
football_data_co_uk,https://www.football-data.co.uk/mmz4281/9900/E0.csv,2026-09-11T00:01:37Z,200,22.9K,9900
football_data_co_uk,https://www.football-data.co.uk/mmz4281/0001/E0.csv,2026-09-11T00:01:41Z,200,60.6K,0001
football_data_co_uk,https://www.football-data.co.uk/mmz4281/0102/E0.csv,2026-09-11T00:01:45Z,200,64.7K,0102
football_data_co_uk,https://www.football-data.co.uk/mmz4281/0203/E0.csv,2026-09-11T00:01:49Z,200,70.6K,0203
football_data_co_uk,https://www.football-data.co.uk/mmz4281/0304/E0.csv,2026-09-11T00:01:53Z,200,83.4K,0304
football_data_co_uk,https://www.football-data.co.uk/mmz4281/0405/E0.csv,2026-09-11T00:01:56Z,200,83.9K,0405
football_data_co_uk,https://www.football-data.co.uk/mmz4281/0506/E0.csv,2026-09-11T00:02:00Z,200,99.7K,0506
wikipedia,https://en.wikipedia.org/w/api.php?action=parse&page=1992%E2%80%9393%20Blackburn%20Rovers%20F.C.%20season&prop=wikitext&format=json,2026-09-11T00:02:28Z,200,18.4K,1992–93 Blackburn Rovers F.C. season
wikipedia,https://en.wikipedia.org/w/api.php?action=parse&page=List%20of%20footballers%20with%20100%20or%20more%20Premier%20League%20goals&prop=wikitext&format=json,2026-09-11T00:04:05Z,200,25.4K,List of footballers with 100 or more Premier League goals
wikipedia,https://en.wikipedia.org/w/api.php?action=parse&page=1995%E2%80%9396%20FA%20Premier%20League&prop=wikitext&format=json,2026-09-11T00:05:18Z,200,58.7K,1995–96 FA Premier League
wikipedia,https://en.wikipedia.org/w/api.php?action=parse&page=1995%E2%80%9396%20FA%20Premier%20League&prop=wikitext&format=json,2026-09-11T00:06:14Z,200,58.7K,1995–96 FA Premier League
wikipedia,https://en.wikipedia.org/w/api.php?action=parse&page=1992%E2%80%9393%20FA%20Premier%20League&prop=wikitext&format=json,2026-09-11T00:31:52Z,200,74.8K,1992–93 FA Premier League
wikipedia,https://en.wikipedia.org/w/api.php?action=parse&page=1993%E2%80%9394%20FA%20Premier%20League&prop=wikitext&format=json,2026-09-11T00:31:56Z,200,67.1K,1993–94 FA Premier League
wikipedia,https://en.wikipedia.org/w/api.php?action=parse&page=1994%E2%80%9395%20FA%20Premier%20League&prop=wikitext&format=json,2026-09-11T00:31:59Z,200,64.5K,1994–95 FA Premier League
wikipedia,https://en.wikipedia.org/w/api.php?action=parse&page=1996%E2%80%9397%20FA%20Premier%20League&prop=wikitext&format=json,2026-09-11T00:32:02Z,200,53.7K,1996–97 FA Premier League
wikipedia,https://en.wikipedia.org/w/api.php?action=parse&page=1997%E2%80%9398%20FA%20Premier%20League&prop=wikitext&format=json,2026-09-11T00:32:06Z,200,53.8K,1997–98 FA Premier League
wikipedia,https://en.wikipedia.org/w/api.php?action=parse&page=1998%E2%80%9399%20FA%20Premier%20League&prop=wikitext&format=json,2026-09-11T00:32:09Z,200,54.4K,1998–99 FA Premier League
wikipedia,https://en.wikipedia.org/w/api.php?action=parse&page=1999%E2%80%932000%20FA%20Premier%20League&prop=wikitext&format=json,2026-09-11T00:32:12Z,200,48.6K,1999–2000 FA Premier League
wikipedia,https://en.wikipedia.org/w/api.php?action=parse&page=2000%E2%80%9301%20FA%20Premier%20League&prop=wikitext&format=json,2026-09-11T00:32:16Z,200,51.4K,2000–01 FA Premier League
wikipedia,https://en.wikipedia.org/w/api.php?action=parse&page=2001%E2%80%9302%20FA%20Premier%20League&prop=wikitext&format=json,2026-09-11T00:32:19Z,200,54.4K,2001–02 FA Premier League
wikipedia,https://en.wikipedia.org/w/api.php?action=parse&page=2002%E2%80%9303%20FA%20Premier%20League&prop=wikitext&format=json,2026-09-11T00:32:22Z,200,67.3K,2002–03 FA Premier League
wikipedia,https://en.wikipedia.org/w/api.php?action=parse&page=2003%E2%80%9304%20FA%20Premier%20League&prop=wikitext&format=json,2026-09-11T00:32:26Z,200,52.5K,2003–04 FA Premier League
wikipedia,https://en.wikipedia.org/w/api.php?action=parse&page=2004%E2%80%9305%20FA%20Premier%20League&prop=wikitext&format=json,2026-09-11T00:32:29Z,200,51.6K,2004–05 FA Premier League
wikipedia,https://en.wikipedia.org/w/api.php?action=parse&page=2005%E2%80%9306%20FA%20Premier%20League&prop=wikitext&format=json,2026-09-11T00:32:32Z,200,52.8K,2005–06 FA Premier League
hudl_open_data,https://raw.githubusercontent.com/hudl/open-data/master/data/matches/2/44.json,2026-09-11T01:16:19Z,200,61.7K,matches
hudl_open_data,https://raw.githubusercontent.com/hudl/open-data/master/data/events/3749493.json,2026-09-11T01:16:23Z,200,2.48M,events:3749493
hudl_open_data,https://raw.githubusercontent.com/hudl/open-data/master/data/events/3749448.json,2026-09-11T01:16:27Z,200,2.47M,events:3749448
hudl_open_data,https://raw.githubusercontent.com/hudl/open-data/master/data/events/3749196.json,2026-09-11T01:16:30Z,200,2.25M,events:3749196
hudl_open_data,https://raw.githubusercontent.com/hudl/open-data/master/data/events/3749454.json,2026-09-11T01:16:34Z,200,2.71M,events:3749454
hudl_open_data,https://raw.githubusercontent.com/hudl/open-data/master/data/events/3749603.json,2026-09-11T01:16:38Z,200,2.9M,events:3749603
hudl_open_data,https://raw.githubusercontent.com/hudl/open-data/master/data/events/3749052.json,2026-09-11T01:16:42Z,200,2.88M,events:3749052
hudl_open_data,https://raw.githubusercontent.com/hudl/open-data/master/data/events/3749296.json,2026-09-11T01:16:46Z,200,2.62M,events:3749296
hudl_open_data,https://raw.githubusercontent.com/hudl/open-data/master/data/events/3749522.json,2026-09-11T01:16:49Z,200,2.86M,events:3749522
hudl_open_data,https://raw.githubusercontent.com/hudl/open-data/master/data/events/3749246.json,2026-09-11T01:16:53Z,200,2.54M,events:3749246
hudl_open_data,https://raw.githubusercontent.com/hudl/open-data/master/data/events/3749257.json,2026-09-11T01:16:56Z,200,2.79M,events:3749257
hudl_open_data,https://raw.githubusercontent.com/hudl/open-data/master/data/events/3749642.json,2026-09-11T01:17:00Z,200,2.97M,events:3749642
hudl_open_data,https://raw.githubusercontent.com/hudl/open-data/master/data/events/3749358.json,2026-09-11T01:17:04Z,200,3.15M,events:3749358
hudl_open_data,https://raw.githubusercontent.com/hudl/open-data/master/data/events/3749346.json,2026-09-11T01:17:08Z,200,2.8M,events:3749346
hudl_open_data,https://raw.githubusercontent.com/hudl/open-data/master/data/events/3749253.json,2026-09-11T01:17:12Z,200,2.7M,events:3749253
hudl_open_data,https://raw.githubusercontent.com/hudl/open-data/master/data/events/3749079.json,2026-09-11T01:17:16Z,200,2.89M,events:3749079
hudl_open_data,https://raw.githubusercontent.com/hudl/open-data/master/data/events/3749465.json,2026-09-11T01:17:19Z,200,3.03M,events:3749465
hudl_open_data,https://raw.githubusercontent.com/hudl/open-data/master/data/events/3749133.json,2026-09-11T01:17:23Z,200,2.77M,events:3749133
hudl_open_data,https://raw.githubusercontent.com/hudl/open-data/master/data/events/3749528.json,2026-09-11T01:17:27Z,200,2.62M,events:3749528
hudl_open_data,https://raw.githubusercontent.com/hudl/open-data/master/data/events/3749233.json,2026-09-11T01:17:30Z,200,2.76M,events:3749233
hudl_open_data,https://raw.githubusercontent.com/hudl/open-data/master/data/events/3749462.json,2026-09-11T01:17:34Z,200,3.03M,events:3749462
hudl_open_data,https://raw.githubusercontent.com/hudl/open-data/master/data/events/3749552.json,2026-09-11T01:17:38Z,200,2.88M,events:3749552
hudl_open_data,https://raw.githubusercontent.com/hudl/open-data/master/data/events/3749276.json,2026-09-11T01:17:42Z,200,2.7M,events:3749276
hudl_open_data,https://raw.githubusercontent.com/hudl/open-data/master/data/events/3749068.json,2026-09-11T01:17:45Z,200,2.56M,events:3749068
hudl_open_data,https://raw.githubusercontent.com/hudl/open-data/master/data/events/3749310.json,2026-09-11T01:17:49Z,200,2.76M,events:3749310
hudl_open_data,https://raw.githubusercontent.com/hudl/open-data/master/data/events/3749434.json,2026-09-11T01:17:52Z,200,2.82M,events:3749434
hudl_open_data,https://raw.githubusercontent.com/hudl/open-data/master/data/events/3749192.json,2026-09-11T01:17:56Z,200,2.93M,events:3749192
hudl_open_data,https://raw.githubusercontent.com/hudl/open-data/master/data/events/3749360.json,2026-09-11T01:17:59Z,200,3.01M,events:3749360
hudl_open_data,https://raw.githubusercontent.com/hudl/open-data/master/data/events/3749453.json,2026-09-11T01:18:03Z,200,2.85M,events:3749453
hudl_open_data,https://raw.githubusercontent.com/hudl/open-data/master/data/events/3749278.json,2026-09-11T01:18:07Z,200,2.59M,events:3749278
hudl_open_data,https://raw.githubusercontent.com/hudl/open-data/master/data/events/3749274.json,2026-09-11T01:18:11Z,200,3.01M,events:3749274
hudl_open_data,https://raw.githubusercontent.com/hudl/open-data/master/data/events/3749590.json,2026-09-11T01:18:14Z,200,2.61M,events:3749590
hudl_open_data,https://raw.githubusercontent.com/hudl/open-data/master/data/events/3749631.json,2026-09-11T01:18:18Z,200,2.71M,events:3749631
hudl_open_data,https://raw.githubusercontent.com/hudl/open-data/master/data/events/3749117.json,2026-09-11T01:18:22Z,200,2.54M,events:3749117
hudl_open_data,https://raw.githubusercontent.com/hudl/open-data/master/data/events/3749108.json,2026-09-11T01:18:25Z,200,2.62M,events:3749108
hudl_open_data,https://raw.githubusercontent.com/hudl/open-data/master/data/events/3749153.json,2026-09-11T01:18:29Z,200,2.84M,events:3749153
hudl_open_data,https://raw.githubusercontent.com/hudl/open-data/master/data/events/3749403.json,2026-09-11T01:18:33Z,200,2.77M,events:3749403
hudl_open_data,https://raw.githubusercontent.com/hudl/open-data/master/data/events/3749526.json,2026-09-11T01:18:36Z,200,2.8M,events:3749526
hudl_open_data,https://raw.githubusercontent.com/hudl/open-data/master/data/events/3749431.json,2026-09-11T01:18:40Z,200,2.64M,events:3749431
wikipedia,https://en.wikipedia.org/w/api.php?action=parse&page=Alan%20Shearer&prop=wikitext&format=json,2026-09-11T12:46:17Z,200,147K,Alan Shearer
football_data_co_uk,https://www.football-data.co.uk/mmz4281/0607/E0.csv,2026-09-11T14:16:12Z,200,99.7K,0607
football_data_co_uk,https://www.football-data.co.uk/mmz4281/0708/E0.csv,2026-09-11T14:16:16Z,200,103K,0708
football_data_co_uk,https://www.football-data.co.uk/mmz4281/0809/E0.csv,2026-09-11T14:16:20Z,200,104K,0809
football_data_co_uk,https://www.football-data.co.uk/mmz4281/0910/E0.csv,2026-09-11T14:16:24Z,200,103K,0910
football_data_co_uk,https://www.football-data.co.uk/mmz4281/1011/E0.csv,2026-09-11T14:16:28Z,200,104K,1011
football_data_co_uk,https://www.football-data.co.uk/mmz4281/1112/E0.csv,2026-09-11T14:16:31Z,200,104K,1112
football_data_co_uk,https://www.football-data.co.uk/mmz4281/1213/E0.csv,2026-09-11T14:16:35Z,200,110K,1213
football_data_co_uk,https://www.football-data.co.uk/mmz4281/1314/E0.csv,2026-09-11T14:16:39Z,200,101K,1314
football_data_co_uk,https://www.football-data.co.uk/mmz4281/1415/E0.csv,2026-09-11T14:16:42Z,200,98.5K,1415
football_data_co_uk,https://www.football-data.co.uk/mmz4281/1516/E0.csv,2026-09-11T14:16:46Z,200,98.3K,1516
football_data_co_uk,https://www.football-data.co.uk/mmz4281/1617/E0.csv,2026-09-11T14:16:50Z,200,97.7K,1617
football_data_co_uk,https://www.football-data.co.uk/mmz4281/1718/E0.csv,2026-09-11T14:16:54Z,200,98.4K,1718
football_data_co_uk,https://www.football-data.co.uk/mmz4281/1819/E0.csv,2026-09-11T14:16:57Z,200,93.9K,1819
football_data_co_uk,https://www.football-data.co.uk/mmz4281/1920/E0.csv,2026-09-11T14:17:01Z,200,171K,1920
football_data_co_uk,https://www.football-data.co.uk/mmz4281/2021/E0.csv,2026-09-11T14:17:05Z,200,172K,2021
football_data_co_uk,https://www.football-data.co.uk/mmz4281/2122/E0.csv,2026-09-11T14:17:09Z,200,171K,2122
football_data_co_uk,https://www.football-data.co.uk/mmz4281/2223/E0.csv,2026-09-11T14:17:13Z,200,172K,2223
football_data_co_uk,https://www.football-data.co.uk/mmz4281/2324/E0.csv,2026-09-11T14:17:16Z,200,168K,2324
football_data_co_uk,https://www.football-data.co.uk/mmz4281/2425/E0.csv,2026-09-11T14:17:20Z,200,192K,2425
wikipedia,https://en.wikipedia.org/w/api.php?action=parse&page=1992%E2%80%9393%20Blackburn%20Rovers%20F.C.%20season&prop=wikitext&format=json,2026-09-11T14:23:04Z,200,18.4K,1992–93 Blackburn Rovers F.C. season
wikipedia,https://en.wikipedia.org/w/api.php?action=parse&page=1993%E2%80%9394%20Blackburn%20Rovers%20F.C.%20season&prop=wikitext&format=json,2026-09-11T14:23:08Z,200,14.6K,1993–94 Blackburn Rovers F.C. season
wikipedia,https://en.wikipedia.org/w/api.php?action=parse&page=1994%E2%80%9395%20Blackburn%20Rovers%20F.C.%20season&prop=wikitext&format=json,2026-09-11T14:23:11Z,200,52.4K,1994–95 Blackburn Rovers F.C. season
wikipedia,https://en.wikipedia.org/w/api.php?action=parse&page=1995%E2%80%9396%20Blackburn%20Rovers%20F.C.%20season&prop=wikitext&format=json,2026-09-11T14:23:16Z,200,21.3K,1995–96 Blackburn Rovers F.C. season
wikipedia,https://en.wikipedia.org/w/api.php?action=parse&page=1996%E2%80%9397%20Newcastle%20United%20F.C.%20season&prop=wikitext&format=json,2026-09-11T14:23:19Z,200,107K,1996–97 Newcastle United F.C. season
wikipedia,https://en.wikipedia.org/w/api.php?action=parse&page=1997%E2%80%9398%20Newcastle%20United%20F.C.%20season&prop=wikitext&format=json,2026-09-11T14:24:22Z,200,67.1K,1997–98 Newcastle United F.C. season
wikipedia,https://en.wikipedia.org/w/api.php?action=parse&page=1998%E2%80%9399%20Newcastle%20United%20F.C.%20season&prop=wikitext&format=json,2026-09-11T14:24:26Z,200,45.6K,1998–99 Newcastle United F.C. season
wikipedia,https://en.wikipedia.org/w/api.php?action=parse&page=1999%E2%80%932000%20Newcastle%20United%20F.C.%20season&prop=wikitext&format=json,2026-09-11T14:24:31Z,200,58.9K,1999–2000 Newcastle United F.C. season
wikipedia,https://en.wikipedia.org/w/api.php?action=parse&page=2000%E2%80%9301%20Newcastle%20United%20F.C.%20season&prop=wikitext&format=json,2026-09-11T14:24:34Z,200,45.6K,2000–01 Newcastle United F.C. season
wikipedia,https://en.wikipedia.org/w/api.php?action=parse&page=2001%E2%80%9302%20Newcastle%20United%20F.C.%20season&prop=wikitext&format=json,2026-09-11T14:24:39Z,200,51.2K,2001–02 Newcastle United F.C. season
wikipedia,https://en.wikipedia.org/w/api.php?action=parse&page=2002%E2%80%9303%20Newcastle%20United%20F.C.%20season&prop=wikitext&format=json,2026-09-11T14:24:43Z,200,54.3K,2002–03 Newcastle United F.C. season
wikipedia,https://en.wikipedia.org/w/api.php?action=parse&page=2003%E2%80%9304%20Newcastle%20United%20F.C.%20season&prop=wikitext&format=json,2026-09-11T14:24:46Z,200,52.4K,2003–04 Newcastle United F.C. season
wikipedia,https://en.wikipedia.org/w/api.php?action=parse&page=2004%E2%80%9305%20Newcastle%20United%20F.C.%20season&prop=wikitext&format=json,2026-09-11T14:24:50Z,200,67.5K,2004–05 Newcastle United F.C. season
wikipedia,https://en.wikipedia.org/w/api.php?action=parse&page=2005%E2%80%9306%20Newcastle%20United%20F.C.%20season&prop=wikitext&format=json,2026-09-11T14:24:53Z,200,49.4K,2005–06 Newcastle United F.C. season
fbref,https://web.archive.org/web/20260726050629/https://fbref.com/en/players/438b3a51/matchlogs/1992-1993/Alan-Shearer-Match-Logs,2026-09-20T14:15:49Z,200,220K,1992-1993
fbref,https://fbref.com/en/players/438b3a51/matchlogs/1993-1994/Alan-Shearer-Match-Logs,2026-09-20T14:17:14Z,200,262K,1993-1994
fbref,https://fbref.com/en/players/438b3a51/matchlogs/1994-1995/Alan-Shearer-Match-Logs,2026-09-20T14:17:41Z,200,272K,1994-1995
fbref,https://fbref.com/en/players/438b3a51/matchlogs/1995-1996/Alan-Shearer-Match-Logs,2026-09-20T14:18:56Z,200,268K,1995-1996
fbref,https://fbref.com/en/players/438b3a51/matchlogs/1996-1997/Alan-Shearer-Match-Logs,2026-09-20T14:19:51Z,200,255K,1996-1997
fbref,https://fbref.com/en/players/438b3a51/matchlogs/1997-1998/Alan-Shearer-Match-Logs,2026-09-20T14:20:11Z,200,215K,1997-1998
fbref,https://fbref.com/en/players/438b3a51/matchlogs/1998-1999/Alan-Shearer-Match-Logs,2026-09-20T14:20:45Z,200,241K,1998-1999
fbref,https://fbref.com/en/players/438b3a51/matchlogs/1999-2000/Alan-Shearer-Match-Logs,2026-09-20T14:21:06Z,200,272K,1999-2000
fbref,https://fbref.com/en/players/438b3a51/matchlogs/2000-2001/Alan-Shearer-Match-Logs,2026-09-20T14:21:14Z,200,211K,2000-2001
fbref,https://fbref.com/en/players/438b3a51/matchlogs/2001-2002/Alan-Shearer-Match-Logs,2026-09-20T14:21:48Z,200,255K,2001-2002
fbref,https://fbref.com/en/players/438b3a51/matchlogs/2002-2003/Alan-Shearer-Match-Logs,2026-09-20T14:22:07Z,200,284K,2002-2003
fbref,https://fbref.com/en/players/438b3a51/matchlogs/2003-2004/Alan-Shearer-Match-Logs,2026-09-20T14:23:29Z,200,291K,2003-2004
fbref,https://fbref.com/en/players/438b3a51/matchlogs/2004-2005/Alan-Shearer-Match-Logs,2026-09-20T14:23:58Z,200,262K,2004-2005
fbref,https://fbref.com/en/players/438b3a51/matchlogs/2005-2006/Alan-Shearer-Match-Logs,2026-09-20T14:24:34Z,200,246K,2005-2006
fbref,https://fbref.com/en/matches/72aacc4b/Crystal-Palace-Blackburn-Rovers-August-15-1992-Premier-League,2026-09-20T14:27:26Z,200,225K,Match Report
fbref,https://fbref.com/en/matches/b7eed6ae/Coventry-City-Blackburn-Rovers-August-29-1992-Premier-League,2026-09-20T14:29:50Z,200,216K,https://fbref.com/en/matches/b7eed6ae/Coventry-City-Blackburn-Rovers-August-29-1992-Premier-League
fbref,https://fbref.com/en/matches/ac8d7b82/Blackburn-Rovers-Arsenal-August-18-1992-Premier-League,2026-09-20T14:31:23Z,200,215K,Match Report
fbref,https://fbref.com/en/matches/531fb84b/Blackburn-Rovers-Nottingham-Forest-September-5-1992-Premier-League,2026-09-20T14:31:45Z,200,220K,Match Report
fbref,https://fbref.com/en/matches/265e8a27/Wimbledon-Blackburn-Rovers-September-19-1992-Premier-League,2026-09-20T14:33:43Z,200,220K,Match Report
fbref,https://fbref.com/en/matches/b9b09ac4/Blackburn-Rovers-Oldham-Athletic-September-26-1992-Premier-League,2026-09-20T14:33:59Z,200,211K,Match Report
fbref,https://fbref.com/en/matches/175f687d/Blackburn-Rovers-Norwich-City-October-3-1992-Premier-League,2026-09-20T14:34:21Z,200,225K,Match Report
fbref,https://fbref.com/en/matches/d092de24/Blackburn-Rovers-Queens-Park-Rangers-November-28-1992-Premier-League,2026-09-20T14:35:08Z,200,215K,Match Report
fbref,https://fbref.com/en/matches/4f55a2dc/Liverpool-Blackburn-Rovers-December-13-1992-Premier-League,2026-09-20T14:35:53Z,200,216K,Match Report
fbref,https://fbref.com/en/matches/1c055aae/Blackburn-Rovers-Leeds-United-December-26-1992-Premier-League,2026-09-20T14:36:31Z,200,215K,Match Report
fbref,https://fbref.com/en/matches/a0dd2918/Newcastle-United-Blackburn-Rovers-August-29-1993-Premier-League,2026-09-20T14:36:58Z,200,217K,Match Report
fbref,https://fbref.com/en/matches/db0e5ecf/Blackburn-Rovers-Sheffield-Wednesday-September-25-1993-Premier-League,2026-09-20T14:38:23Z,200,198K,Match Report
fbref,https://fbref.com/en/matches/73576681/Swindon-Town-Blackburn-Rovers-October-2-1993-Premier-League,2026-09-20T14:39:09Z,200,199K,Match Report
fbref,https://fbref.com/en/matches/b5012fdf/Leeds-United-Blackburn-Rovers-October-23-1993-Premier-League,2026-09-20T14:39:43Z,200,201K,Match Report
fbref,https://fbref.com/en/matches/44f35e2c/Blackburn-Rovers-Tottenham-Hotspur-October-30-1993-Premier-League,2026-09-20T14:40:09Z,200,194K,Match Report
fbref,https://fbref.com/en/matches/93ba29ad/Blackburn-Rovers-Southampton-November-20-1993-Premier-League,2026-09-20T14:41:16Z,200,219K,Match Report
fbref,https://fbref.com/en/matches/1104879f/Blackburn-Rovers-Coventry-City-November-23-1993-Premier-League,2026-09-20T14:41:53Z,200,194K,Match Report
fbref,https://fbref.com/en/matches/c93a9bb5/Blackburn-Rovers-Chelsea-December-5-1993-Premier-League,2026-09-20T14:42:42Z,200,217K,Match Report
fbref,https://fbref.com/en/matches/1687cc71/Oldham-Athletic-Blackburn-Rovers-December-11-1993-Premier-League,2026-09-20T14:43:42Z,200,217K,Match Report
fbref,https://fbref.com/en/matches/e8ed80f3/Blackburn-Rovers-Manchester-City-December-18-1993-Premier-League,2026-09-20T14:44:38Z,200,193K,Match Report
fbref,https://fbref.com/en/matches/9373128a/Blackburn-Rovers-Everton-December-29-1993-Premier-League,2026-09-20T14:45:31Z,200,190K,Match Report
fbref,https://fbref.com/en/matches/88665a97/Aston-Villa-Blackburn-Rovers-January-1-1994-Premier-League,2026-09-20T14:46:01Z,200,192K,Match Report
fbref,https://fbref.com/en/matches/e8fdb39b/Sheffield-United-Blackburn-Rovers-January-15-1994-Premier-League,2026-09-20T14:46:18Z,200,198K,Match Report
fbref,https://fbref.com/en/matches/da11fa57/Blackburn-Rovers-Leeds-United-January-23-1994-Premier-League,2026-09-20T14:46:53Z,200,198K,Match Report
fbref,https://fbref.com/en/matches/c681eefa/Blackburn-Rovers-Wimbledon-February-5-1994-Premier-League,2026-09-20T14:47:34Z,200,196K,Match Report
fbref,https://fbref.com/en/matches/85fbf6e9/Tottenham-Hotspur-Blackburn-Rovers-February-12-1994-Premier-League,2026-09-20T14:48:12Z,200,188K,Match Report
fbref,https://fbref.com/en/matches/2c1d8f44/Blackburn-Rovers-Manchester-United-April-2-1994-Premier-League,2026-09-20T14:49:31Z,200,193K,Match Report
fbref,https://fbref.com/en/matches/b46f007e/Blackburn-Rovers-Aston-Villa-April-11-1994-Premier-League,2026-09-20T14:49:53Z,200,194K,Match Report
fbref,https://fbref.com/en/matches/683d2b19/Blackburn-Rovers-Queens-Park-Rangers-April-24-1994-Premier-League,2026-09-20T14:50:18Z,200,192K,Match Report
fbref,https://fbref.com/en/matches/4726247a/Southampton-Blackburn-Rovers-August-20-1994-Premier-League,2026-09-20T14:50:29Z,200,217K,Match Report
fbref,https://fbref.com/en/matches/f57ead5e/Blackburn-Rovers-Leicester-City-August-23-1994-Premier-League,2026-09-20T14:51:14Z,200,222K,Match Report
fbref,https://fbref.com/en/matches/736cd35e/Blackburn-Rovers-Everton-September-10-1994-Premier-League,2026-09-20T14:51:30Z,200,220K,Match Report
fbref,https://fbref.com/en/matches/84024323/Blackburn-Rovers-Aston-Villa-September-24-1994-Premier-League,2026-09-20T14:52:00Z,200,224K,Match Report
fbref,https://fbref.com/en/matches/43225eb2/Newcastle-United-Blackburn-Rovers-October-9-1994-Premier-League,2026-09-20T14:52:32Z,200,217K,Match Report
fbref,https://fbref.com/en/matches/6e30585a/Sheffield-Wednesday-Blackburn-Rovers-November-2-1994-Premier-League,2026-09-20T14:54:29Z,200,218K,Match Report
fbref,https://fbref.com/en/matches/aa88b38a/Blackburn-Rovers-Tottenham-Hotspur-November-5-1994-Premier-League,2026-09-20T14:55:46Z,200,219K,Match Report
fbref,https://fbref.com/en/matches/93f5185d/Ipswich-Town-Blackburn-Rovers-November-19-1994-Premier-League,2026-09-20T14:56:20Z,200,219K,Match Report
fbref,https://fbref.com/en/matches/d8e0e22a/Blackburn-Rovers-Queens-Park-Rangers-November-26-1994-Premier-League,2026-09-20T14:56:51Z,200,221K,Match Report
fbref,https://fbref.com/en/matches/2e3ffb8d/Wimbledon-Blackburn-Rovers-December-3-1994-Premier-League,2026-09-20T14:57:59Z,200,218K,Match Report
fbref,https://fbref.com/en/matches/07642679/Blackburn-Rovers-Southampton-December-10-1994-Premier-League,2026-09-20T14:58:28Z,200,227K,Match Report
fbref,https://fbref.com/en/matches/74e12828/Manchester-City-Blackburn-Rovers-December-26-1994-Premier-League,2026-09-20T14:59:04Z,200,219K,Match Report
fbref,https://fbref.com/en/matches/0aece25a/Blackburn-Rovers-West-Ham-United-January-2-1995-Premier-League,2026-09-20T14:59:42Z,200,223K,Match Report
fbref,https://fbref.com/en/matches/2e1b7803/Blackburn-Rovers-Ipswich-Town-January-28-1995-Premier-League,2026-09-20T15:00:14Z,200,224K,Match Report
fbref,https://fbref.com/en/matches/6e4e1e31/Blackburn-Rovers-Leeds-United-February-1-1995-Premier-League,2026-09-20T15:00:39Z,200,223K,Match Report
fbref,https://fbref.com/en/matches/ce79943a/Blackburn-Rovers-Sheffield-Wednesday-February-12-1995-Premier-League,2026-09-20T15:01:18Z,200,225K,Match Report
fbref,https://fbref.com/en/matches/3eb1ffc8/Blackburn-Rovers-Wimbledon-February-22-1995-Premier-League,2026-09-20T15:01:35Z,200,222K,Match Report
fbref,https://fbref.com/en/matches/200efc6e/Blackburn-Rovers-Arsenal-March-8-1995-Premier-League,2026-09-20T15:02:32Z,200,225K,Match Report
fbref,https://fbref.com/en/matches/8dc76ab5/Coventry-City-Blackburn-Rovers-March-11-1995-Premier-League,2026-09-20T15:02:54Z,200,221K,Match Report
fbref,https://fbref.com/en/matches/f2f110fe/Everton-Blackburn-Rovers-April-1-1995-Premier-League,2026-09-20T15:04:31Z,200,218K,Match Report
fbref,https://fbref.com/en/matches/a92b8d4d/Blackburn-Rovers-Manchester-City-April-17-1995-Premier-League,2026-09-20T15:05:11Z,200,222K,Match Report
fbref,https://fbref.com/en/matches/b29c8312/Blackburn-Rovers-Newcastle-United-May-8-1995-Premier-League,2026-09-20T15:05:26Z,200,216K,Match Report
fbref,https://fbref.com/en/matches/40b7c1c6/Liverpool-Blackburn-Rovers-May-14-1995-Premier-League,2026-09-20T15:05:46Z,200,217K,Match Report
fbref,https://fbref.com/en/matches/975b7713/Blackburn-Rovers-Queens-Park-Rangers-August-19-1995-Premier-League,2026-09-20T15:06:27Z,200,220K,Match Report
fbref,https://fbref.com/en/matches/78988af1/Sheffield-Wednesday-Blackburn-Rovers-August-23-1995-Premier-League,2026-09-20T15:07:30Z,200,221K,Match Report
fbref,https://fbref.com/en/matches/fc82a8c1/Blackburn-Rovers-Aston-Villa-September-9-1995-Premier-League,2026-09-20T15:09:40Z,200,214K,Match Report
fbref,https://fbref.com/en/matches/2375b6ec/Blackburn-Rovers-Nottingham-Forest-November-18-1995-Premier-League,2026-09-20T15:17:53Z,200,223K,Match Report
fbref,https://fbref.com/en/matches/8521a2bf/Blackburn-Rovers-Manchester-City-December-26-1995-Premier-League,2026-09-20T15:21:15Z,200,190K,Match Report
fbref,https://fbref.com/en/matches/28ea3044/Queens-Park-Rangers-Blackburn-Rovers-January-13-1996-Premier-League,2026-09-20T15:22:49Z,200,218K,Match Report
fbref,https://fbref.com/en/matches/336f430f/Blackburn-Rovers-Sheffield-Wednesday-January-20-1996-Premier-League,2026-09-20T15:23:09Z,200,225K,Match Report
fbref,https://fbref.com/en/matches/7ee0d71f/Manchester-City-Blackburn-Rovers-March-2-1996-Premier-League,2026-09-20T15:26:11Z,200,192K,Match Report
fbref,https://fbref.com/en/matches/5bc8468b/Nottingham-Forest-Blackburn-Rovers-April-13-1996-Premier-League,2026-09-20T15:28:55Z,200,221K,Match Report
fbref,https://fbref.com/en/matches/4e18b5cf/Blackburn-Rovers-Wimbledon-April-17-1996-Premier-League,2026-09-20T15:29:20Z,200,221K,Match Report
fbref,https://fbref.com/en/matches/21626f5a/Newcastle-United-Blackburn-Rovers-September-14-1996-Premier-League,2026-09-20T15:32:07Z,200,228K,Match Report
fbref,https://fbref.com/en/matches/3f659887/Leeds-United-Newcastle-United-September-21-1996-Premier-League,2026-09-20T15:32:21Z,200,223K,Match Report
fbref,https://fbref.com/en/matches/db6602b0/Newcastle-United-Aston-Villa-September-30-1996-Premier-League,2026-09-20T15:33:04Z,200,220K,Match Report
fbref,https://fbref.com/en/matches/a466920c/Newcastle-United-Arsenal-November-30-1996-Premier-League,2026-09-20T15:36:09Z,200,226K,Match Report
fbref,https://fbref.com/en/matches/fcee71ea/Newcastle-United-Leeds-United-January-1-1997-Premier-League,2026-09-20T15:39:39Z,200,219K,Match Report
fbref,https://fbref.com/en/matches/1e3f13cf/Aston-Villa-Newcastle-United-January-11-1997-Premier-League,2026-09-20T15:40:02Z,200,218K,Match Report
fbref,https://fbref.com/en/matches/10a17b3a/Newcastle-United-Sunderland-April-5-1997-Premier-League,2026-09-20T15:42:25Z,200,224K,Match Report
fbref,https://fbref.com/en/matches/bd157c63/Newcastle-United-Nottingham-Forest-May-11-1997-Premier-League,2026-09-20T15:46:21Z,200,203K,Match Report
fbref,https://fbref.com/en/matches/24691f14/Newcastle-United-Crystal-Palace-March-18-1998-Premier-League,2026-09-20T15:47:00Z,200,228K,Match Report
fbref,https://fbref.com/en/matches/1c9ed6c4/Newcastle-United-Barnsley-April-13-1998-Premier-League,2026-09-20T15:47:44Z,200,225K,Match Report
fbref,https://fbref.com/en/matches/b96ec28c/Newcastle-United-Southampton-September-12-1998-Premier-League,2026-09-20T15:47:59Z,200,227K,Match Report
fbref,https://fbref.com/en/matches/07143aca/Coventry-City-Newcastle-United-September-19-1998-Premier-League,2026-09-20T15:48:47Z,200,226K,Match Report
fbref,https://fbref.com/en/matches/230d1fa1/Newcastle-United-Aston-Villa-January-30-1999-Premier-League,2026-09-20T15:49:55Z,200,223K,Match Report
fbref,https://fbref.com/en/matches/107ba850/Nottingham-Forest-Newcastle-United-March-10-1999-Premier-League,2026-09-20T15:51:23Z,200,229K,Match Report
fbref,https://fbref.com/en/matches/3cb92e2c/Newcastle-United-Everton-April-17-1999-Premier-League,2026-09-20T15:51:51Z,200,223K,Match Report
fbref,https://fbref.com/en/matches/f011c573/Sheffield-Wednesday-Newcastle-United-April-21-1999-Premier-League,2026-09-20T15:52:13Z,200,219K,Match Report
fbref,https://fbref.com/en/matches/af938b33/Wimbledon-Newcastle-United-April-24-1999-Premier-League,2026-09-20T15:53:06Z,200,214K,Match Report
fbref,https://fbref.com/en/matches/7c845274/Newcastle-United-Middlesbrough-May-1-1999-Premier-League,2026-09-20T15:53:41Z,200,219K,Match Report
fbref,https://fbref.com/en/matches/9956aa67/Southampton-Newcastle-United-August-15-1999-Premier-League,2026-09-20T15:54:26Z,200,229K,Match Report
fbref,https://fbref.com/en/matches/91a2b422/Newcastle-United-Sheffield-Wednesday-September-19-1999-Premier-League,2026-09-20T15:54:57Z,200,232K,Match Report
fbref,https://fbref.com/en/matches/f3756191/Leeds-United-Newcastle-United-September-25-1999-Premier-League,2026-09-20T15:55:30Z,200,227K,Match Report
fbref,https://fbref.com/en/matches/51ff3376/Newcastle-United-Middlesbrough-October-3-1999-Premier-League,2026-09-20T15:55:53Z,200,222K,Match Report
fbref,https://fbref.com/en/matches/fc053248/Newcastle-United-Derby-County-October-25-1999-Premier-League,2026-09-20T15:56:18Z,200,227K,Match Report
fbref,https://fbref.com/en/matches/45cebdb1/Newcastle-United-Everton-November-7-1999-Premier-League,2026-09-20T15:56:42Z,200,216K,Match Report
fbref,https://fbref.com/en/matches/1ac38941/Newcastle-United-Liverpool-December-26-1999-Premier-League,2026-09-20T15:57:04Z,200,227K,Match Report
fbref,https://fbref.com/en/matches/00cf5088/Newcastle-United-Manchester-United-February-12-2000-Premier-League,2026-09-20T15:58:51Z,200,227K,Match Report
fbref,https://fbref.com/en/matches/01641d49/Sheffield-Wednesday-Newcastle-United-February-26-2000-Premier-League,2026-09-20T15:59:18Z,200,224K,Match Report
fbref,https://fbref.com/en/matches/68736431/Liverpool-Newcastle-United-March-25-2000-Premier-League,2026-09-20T15:59:41Z,200,226K,Match Report
fbref,https://fbref.com/en/matches/5e010f9e/Newcastle-United-Bradford-City-April-1-2000-Premier-League,2026-09-20T16:00:20Z,200,219K,Match Report
fbref,https://fbref.com/en/matches/3351e67e/Newcastle-United-Arsenal-May-14-2000-Premier-League,2026-09-20T16:02:41Z,200,230K,Match Report
fbref,https://fbref.com/en/matches/c8df82b3/Manchester-City-Newcastle-United-September-30-2000-Premier-League,2026-09-20T16:04:35Z,200,227K,Match Report
fbref,https://fbref.com/en/matches/903b5dfb/Middlesbrough-Newcastle-United-September-8-2001-Premier-League,2026-09-20T16:08:05Z,200,228K,Match Report
fbref,https://fbref.com/en/matches/159629d2/Bolton-Wanderers-Newcastle-United-October-13-2001-Premier-League,2026-09-20T16:08:55Z,200,232K,Match Report
fbref,https://fbref.com/en/matches/05ba9b22/Newcastle-United-Aston-Villa-November-3-2001-Premier-League,2026-09-20T16:10:45Z,200,220K,Match Report
fbref,https://fbref.com/en/matches/8ab6f8bf/Arsenal-Newcastle-United-December-18-2001-Premier-League,2026-09-20T16:13:56Z,200,228K,Match Report
fbref,https://fbref.com/en/matches/c2400d09/Leeds-United-Newcastle-United-December-22-2001-Premier-League,2026-09-20T16:14:20Z,200,227K,Match Report
fbref,https://fbref.com/en/matches/1bc9b56b/Newcastle-United-Middlesbrough-December-26-2001-Premier-League,2026-09-20T16:15:17Z,200,227K,Match Report
fbref,https://fbref.com/en/matches/69f0a3a1/Manchester-United-Newcastle-United-January-2-2002-Premier-League,2026-09-20T16:17:41Z,200,225K,Match Report
fbref,https://fbref.com/en/matches/1b67581e/Newcastle-United-Bolton-Wanderers-February-2-2002-Premier-League,2026-09-20T16:20:49Z,200,226K,Match Report
fbref,https://fbref.com/en/matches/066c8e6c/Newcastle-United-Southampton-February-9-2002-Premier-League,2026-09-20T16:21:17Z,200,223K,Match Report
fbref,https://fbref.com/en/matches/4468b085/Newcastle-United-Ipswich-Town-March-16-2002-Premier-League,2026-09-20T16:22:51Z,200,226K,Match Report
fbref,https://fbref.com/en/matches/cc7ea353/Newcastle-United-Everton-March-29-2002-Premier-League,2026-09-20T16:23:11Z,200,232K,Match Report
fbref,https://fbref.com/en/matches/fb89153f/Aston-Villa-Newcastle-United-April-2-2002-Premier-League,2026-09-20T16:23:56Z,200,223K,Match Report
fbref,https://fbref.com/en/matches/3e23200a/Blackburn-Rovers-Newcastle-United-April-23-2002-Premier-League,2026-09-20T16:25:10Z,200,222K,Match Report
fbref,https://fbref.com/en/matches/6e1c78dc/Liverpool-Newcastle-United-September-2-2002-Premier-League,2026-09-20T16:27:48Z,200,228K,Match Report
fbref,https://fbref.com/en/matches/33841133/Newcastle-United-Sunderland-September-21-2002-Premier-League,2026-09-20T16:28:10Z,200,229K,Match Report
fbref,https://fbref.com/en/matches/1eb754ba/Newcastle-United-West-Bromwich-Albion-October-5-2002-Premier-League,2026-09-20T16:28:59Z,200,228K,Match Report
fbref,https://fbref.com/en/matches/769ba42b/Blackburn-Rovers-Newcastle-United-October-19-2002-Premier-League,2026-09-20T16:29:30Z,200,235K,Match Report
fbref,https://fbref.com/en/matches/c0093be4/Manchester-United-Newcastle-United-November-23-2002-Premier-League,2026-09-20T16:31:11Z,200,231K,Match Report
fbref,https://fbref.com/en/matches/e7e6454c/Newcastle-United-Everton-December-1-2002-Premier-League,2026-09-20T16:31:47Z,200,226K,Match Report
fbref,https://fbref.com/en/matches/e5295903/Aston-Villa-Newcastle-United-December-7-2002-Premier-League,2026-09-20T16:32:54Z,200,218K,Match Report
fbref,https://fbref.com/en/matches/edd71a6f/Bolton-Wanderers-Newcastle-United-December-26-2002-Premier-League,2026-09-20T16:33:10Z,200,229K,Match Report
fbref,https://fbref.com/en/matches/094c1190/Newcastle-United-Tottenham-Hotspur-December-29-2002-Premier-League,2026-09-20T16:34:25Z,200,230K,Match Report
fbref,https://fbref.com/en/matches/6b2c762e/Newcastle-United-Manchester-City-January-18-2003-Premier-League,2026-09-20T16:35:07Z,200,222K,Match Report
fbref,https://fbref.com/en/matches/9f712fb0/Leeds-United-Newcastle-United-February-22-2003-Premier-League,2026-09-20T16:36:00Z,200,230K,Match Report
fbref,https://fbref.com/en/matches/ff7ea277/Charlton-Athletic-Newcastle-United-March-15-2003-Premier-League,2026-09-20T16:36:15Z,200,229K,Match Report
fbref,https://fbref.com/en/matches/db9485dc/Fulham-Newcastle-United-April-19-2003-Premier-League,2026-09-20T16:36:42Z,200,228K,Match Report
fbref,https://fbref.com/en/matches/84b7c835/Leeds-United-Newcastle-United-August-17-2003-Premier-League,2026-09-20T16:38:05Z,200,227K,Match Report
fbref,https://fbref.com/en/matches/a5b509b3/Newcastle-United-Manchester-United-August-23-2003-Premier-League,2026-09-20T16:38:35Z,200,225K,Match Report
fbref,https://fbref.com/en/matches/f5588338/Newcastle-United-Southampton-October-4-2003-Premier-League,2026-09-20T16:42:38Z,200,218K,Match Report
fbref,https://fbref.com/en/matches/2e65f3cb/Fulham-Newcastle-United-October-21-2003-Premier-League,2026-09-20T16:43:10Z,200,223K,Match Report
fbref,https://fbref.com/en/matches/2eecb218/Newcastle-United-Portsmouth-October-25-2003-Premier-League,2026-09-20T16:44:23Z,200,227K,Match Report
fbref,https://fbref.com/en/matches/711c71e0/Newcastle-United-Manchester-City-November-22-2003-Premier-League,2026-09-20T16:45:08Z,200,227K,Match Report
fbref,https://fbref.com/en/matches/1097dfad/Wolverhampton-Wanderers-Newcastle-United-November-29-2003-Premier-League,2026-09-20T16:45:52Z,200,220K,Match Report
fbref,https://fbref.com/en/matches/af1c68bb/Newcastle-United-Liverpool-December-6-2003-Premier-League,2026-09-20T16:46:16Z,200,216K,Match Report
fbref,https://fbref.com/en/matches/0e311992/Newcastle-United-Tottenham-Hotspur-December-13-2003-Premier-League,2026-09-20T16:46:43Z,200,230K,Match Report
fbref,https://fbref.com/en/matches/7632432f/Newcastle-United-Leeds-United-January-7-2004-Premier-League,2026-09-20T16:47:06Z,200,224K,Match Report
fbref,https://fbref.com/en/matches/5d45928a/Newcastle-United-Middlesbrough-February-21-2004-Premier-League,2026-09-20T16:49:06Z,200,221K,Match Report
fbref,https://fbref.com/en/matches/8b3c02e1/Newcastle-United-Charlton-Athletic-March-20-2004-Premier-League,2026-09-20T16:50:02Z,200,227K,Match Report
fbref,https://fbref.com/en/matches/1bc6e91d/Newcastle-United-Chelsea-April-25-2004-Premier-League,2026-09-20T16:53:13Z,200,223K,Match Report
fbref,https://fbref.com/en/matches/94ee5f72/Middlesbrough-Newcastle-United-August-14-2004-Premier-League,2026-09-20T16:54:01Z,200,227K,Match Report
fbref,https://fbref.com/en/matches/e8ce0b24/Newcastle-United-Blackburn-Rovers-September-11-2004-Premier-League,2026-09-20T16:54:21Z,200,225K,Match Report
fbref,https://fbref.com/en/matches/fe52208c/Newcastle-United-West-Bromwich-Albion-September-25-2004-Premier-League,2026-09-20T16:54:44Z,200,225K,Match Report
fbref,https://fbref.com/en/matches/49abecca/Newcastle-United-Manchester-City-October-24-2004-Premier-League,2026-09-20T16:55:32Z,200,229K,Match Report
fbref,https://fbref.com/en/matches/b485c985/Newcastle-United-Manchester-United-November-14-2004-Premier-League,2026-09-20T16:56:33Z,200,228K,Match Report
fbref,https://fbref.com/en/matches/e1f77d0c/Manchester-City-Newcastle-United-February-2-2005-Premier-League,2026-09-20T16:57:38Z,200,219K,Match Report
fbref,https://fbref.com/en/matches/5df9707e/Blackburn-Rovers-Newcastle-United-September-18-2005-Premier-League,2026-09-20T16:57:58Z,200,225K,Match Report
fbref,https://fbref.com/en/matches/f84ba47e/West-Bromwich-Albion-Newcastle-United-October-30-2005-Premier-League,2026-09-20T16:58:32Z,200,226K,Match Report
fbref,https://fbref.com/en/matches/019ea723/Newcastle-United-Aston-Villa-December-3-2005-Premier-League,2026-09-20T16:58:57Z,200,222K,Match Report
fbref,https://fbref.com/en/matches/e715e98a/West-Ham-United-Newcastle-United-December-17-2005-Premier-League,2026-09-20T16:59:35Z,200,224K,Match Report
fbref,https://fbref.com/en/matches/18853c06/Newcastle-United-Portsmouth-February-4-2006-Premier-League,2026-09-20T16:59:55Z,200,227K,Match Report
fbref,https://fbref.com/en/matches/cd8e5736/Newcastle-United-Tottenham-Hotspur-April-1-2006-Premier-League,2026-09-20T17:01:41Z,200,227K,Match Report
fbref,https://fbref.com/en/matches/4a329b37/Blackburn-Rovers-Everton-September-15-1992-Premier-League,2026-09-20T17:05:44Z,200,221K,Match Report
fbref,https://fbref.com/en/matches/c6e4606b/Blackburn-Rovers-Swindon-Town-March-26-1994-Premier-League,2026-09-20T17:06:12Z,200,197K,Match Report
fbref,https://fbref.com/en/matches/9e1144be/Blackburn-Rovers-Chelsea-March-18-1995-Premier-League,2026-09-20T17:06:32Z,200,217K,Match Report
fbref,https://fbref.com/en/matches/2d9e2e69/Blackburn-Rovers-Bolton-Wanderers-February-3-1996-Premier-League,2026-09-20T17:19:23Z,200,221K,Match Report
fbref,https://fbref.com/en/matches/65b695c6/Newcastle-United-Nottingham-Forest-September-26-1998-Premier-League,2026-09-20T17:40:19Z,200,227K,Match Report
fbref,https://fbref.com/en/matches/ed75e9a1/Newcastle-United-Coventry-City-February-17-1999-Premier-League,2026-09-20T17:41:31Z,200,227K,Match Report
fbref,https://fbref.com/en/matches/d0e212e8/Leicester-City-Newcastle-United-December-28-1999-Premier-League,2026-09-20T17:41:53Z,200,218K,Match Report
fbref,https://fbref.com/en/matches/98d85daa/Newcastle-United-Leeds-United-April-23-2000-Premier-League,2026-09-20T17:42:19Z,200,228K,Match Report
fbref,https://fbref.com/en/matches/ce7cc8d0/Newcastle-United-Coventry-City-April-29-2000-Premier-League,2026-09-20T17:42:32Z,200,227K,Match Report
fbref,https://fbref.com/en/matches/f1d29397/Tottenham-Hotspur-Newcastle-United-January-30-2002-Premier-League,2026-09-20T17:46:36Z,200,225K,Match Report
fbref,https://fbref.com/en/matches/f7e3ea97/Newcastle-United-Charlton-Athletic-April-20-2002-Premier-League,2026-09-20T17:47:59Z,200,227K,Match Report
fbref,https://fbref.com/en/matches/3cc99a69/Newcastle-United-West-Ham-United-April-27-2002-Premier-League,2026-09-20T17:48:30Z,200,226K,Match Report
fbref,https://fbref.com/en/matches/29ca5a8e/Southampton-Newcastle-United-May-11-2002-Premier-League,2026-09-20T17:48:59Z,200,225K,Match Report
fbref,https://fbref.com/en/matches/a61b7f1b/Newcastle-United-West-Ham-United-August-19-2002-Premier-League,2026-09-20T17:49:20Z,200,229K,Match Report
fbref,https://fbref.com/en/matches/9c2c5bca/Newcastle-United-Southampton-January-15-2005-Premier-League,2026-09-20T17:51:34Z,200,228K,Match Report
fbref,https://fbref.com/en/matches/216e0b59/Newcastle-United-Bolton-Wanderers-March-4-2006-Premier-League,2026-09-20T17:51:59Z,200,227K,Match Report
fbref,https://fbref.com/en/matches/763fb092/Newcastle-United-Wigan-Athletic-April-15-2006-Premier-League,2026-09-20T17:52:15Z,200,229K,Match Report
fbref,https://fbref.com/en/matches/9075c5e0/Sunderland-Newcastle-United-April-17-2006-Premier-League,2026-09-20T17:53:33Z,200,228K,Match Report
fbref,https://fbref.com/en/matches/3ca493ff/Blackburn-Rovers-Manchester-United-August-28-1995-Premier-League,2026-09-20T18:19:39Z,200,28.2K,Match Report
fbref,https://fbref.com/en/matches/6859ee1b/Blackburn-Rovers-Coventry-City-September-23-1995-Premier-League,2026-09-20T18:22:49Z,200,28.2K,Match Report
fbref,https://fbref.com/en/matches/3ca493ff/Blackburn-Rovers-Manchester-United-August-28-1995-Premier-League,2026-09-20T19:17:28Z,200,308K,direct fetch via chromote (no Wayback snapshot exists)
fbref,https://fbref.com/en/matches/3ca493ff/Blackburn-Rovers-Manchester-United-August-28-1995-Premier-League,2026-09-20T19:20:15Z,200,295K,Match Report
fbref,https://fbref.com/en/matches/6859ee1b/Blackburn-Rovers-Coventry-City-September-23-1995-Premier-League,2026-09-20T19:22:32Z,200,287K,Match Report
fbref,https://fbref.com/en/matches/c823354a/Blackburn-Rovers-Southampton-October-14-1995-Premier-League,2026-09-20T19:26:05Z,200,303K,Match Report
fbref,https://fbref.com/en/matches/c7f20ef9/West-Ham-United-Blackburn-Rovers-October-21-1995-Premier-League,2026-09-20T19:30:00Z,200,304K,Match Report
fbref,https://fbref.com/en/matches/e9446a23/Blackburn-Rovers-Chelsea-October-28-1995-Premier-League,2026-09-20T19:32:41Z,200,303K,Match Report
fbref,https://fbref.com/en/matches/fd6663fe/Blackburn-Rovers-West-Ham-United-December-2-1995-Premier-League,2026-09-20T19:33:59Z,200,310K,Match Report
fbref,https://fbref.com/en/matches/fbfd8238/Blackburn-Rovers-Middlesbrough-December-16-1995-Premier-League,2026-09-20T19:35:32Z,200,304K,Match Report
fbref,https://fbref.com/en/matches/abf8628f/Blackburn-Rovers-Tottenham-Hotspur-December-30-1995-Premier-League,2026-09-20T19:37:42Z,200,288K,Match Report
fbref,https://fbref.com/en/matches/c1d390d3/Tottenham-Hotspur-Blackburn-Rovers-March-16-1996-Premier-League,2026-09-20T19:39:15Z,200,305K,Match Report
fbref,https://fbref.com/en/matches/336d51ed/Newcastle-United-Wimbledon-August-21-1996-Premier-League,2026-09-20T19:40:58Z,200,304K,Match Report
fbref,https://fbref.com/en/matches/757392fe/Newcastle-United-Manchester-United-October-20-1996-Premier-League,2026-09-20T19:48:13Z,200,311K,Match Report
fbref,https://fbref.com/en/matches/82140d8e/Chelsea-Newcastle-United-November-23-1996-Premier-League,2026-09-20T20:22:17Z,200,305K,Match Report
fbref,https://fbref.com/en/matches/c7f20ef9/West-Ham-United-Blackburn-Rovers-October-21-1995-Premier-League,2026-09-20T20:24:12Z,200,304K,direct fetch via chromote (no Wayback snapshot exists)
fbref,https://fbref.com/en/matches/d915c36f/Newcastle-United-Liverpool-December-23-1996-Premier-League,2026-09-20T20:24:58Z,200,304K,Match Report
fbref,https://fbref.com/en/matches/a539a29b/Newcastle-United-Sheffield-Wednesday-August-24-1996-Premier-League,2026-09-20T20:25:46Z,200,294K,Match Report
fbref,https://fbref.com/en/matches/8ce2d6ca/Newcastle-United-Tottenham-Hotspur-December-28-1996-Premier-League,2026-09-20T20:26:27Z,200,310K,Match Report
fbref,https://fbref.com/en/matches/5113fc8b/Newcastle-United-Everton-January-29-1997-Premier-League,2026-09-20T20:27:11Z,200,293K,Match Report
fbref,https://fbref.com/en/matches/7816d99b/Newcastle-United-Leicester-City-February-2-1997-Premier-League,2026-09-20T20:29:30Z,200,296K,Match Report
fbref,https://fbref.com/en/matches/cf8ca089/Newcastle-United-Chelsea-April-16-1997-Premier-League,2026-09-20T20:31:16Z,200,300K,Match Report
fbref,https://fbref.com/en/matches/d172f736/Newcastle-United-Derby-County-April-19-1997-Premier-League,2026-09-20T20:32:59Z,200,291K,Match Report
fbref,https://fbref.com/en/matches/b9ec40f7/Coventry-City-Newcastle-United-September-6-2000-Premier-League,2026-09-20T20:36:33Z,200,267K,Match Report
fbref,https://fbref.com/en/matches/bdbd5502/Middlesbrough-Newcastle-United-October-16-2000-Premier-League,2026-09-20T20:36:38Z,200,308K,Match Report
fbref,https://fbref.com/en/matches/4e3b9d38/Newcastle-United-Ipswich-Town-November-4-2000-Premier-League,2026-09-20T20:38:51Z,200,312K,Match Report
fbref,https://fbref.com/en/matches/4e13a8a3/Derby-County-Newcastle-United-October-12-1996-Premier-League,2026-09-20T20:46:38Z,200,275K,Match Report
fbref,https://fbref.com/en/matches/671d79c8/Coventry-City-Newcastle-United-December-17-1996-Premier-League,2026-09-20T20:57:44Z,200,275K,Match Report
fbref,https://fbref.com/en/matches/0d67c19f/Newcastle-United-Chelsea-December-29-2001-Premier-League,2026-09-20T21:02:35Z,200,281K,Match Report
fbref,https://fbref.com/en/matches/f90f7f97/Newcastle-United-Derby-County-November-24-2001-Premier-League,2026-09-20T21:10:40Z,200,274K,TEST
fbref,https://fbref.com/en/matches/b0137694/Everton-Newcastle-United-September-13-2003-Premier-League,2026-09-20T21:11:30Z,200,269K,TEST
fbref,https://fbref.com/en/matches/427fea78/Newcastle-United-Everton-April-3-2004-Premier-League,2026-09-20T21:13:10Z,200,281K,TEST
fbref,https://fbref.com/en/players/438b3a51/Alan-Shearer,2026-09-20T21:19:51Z,200,395K,Alan Shearer
fbref,https://fbref.com/en/players/c0c5ee74/Thierry-Henry,2026-09-20T21:20:57Z,200,1.07M,Thierry Henry
fbref,https://fbref.com/en/players/21a66f6a/Harry-Kane,2026-09-21T00:52:44Z,200,529K,Harry Kane
fbref,https://fbref.com/en/players/f07be45a/Wayne-Rooney,2026-09-21T00:55:09Z,200,496K,Wayne Rooney
fbref,https://fbref.com/en/players/e342ad68/Mohamed-Salah,2026-09-21T00:56:05Z,200,478K,Mohamed Salah
fbref,https://fbref.com/en/players/b6638a2c/Andy-Cole,2026-09-21T00:56:27Z,200,492K,Andy Cole
fbref,https://fbref.com/en/players/4d034881/Sergio-Aguero,2026-09-21T01:00:47Z,200,464K,Sergio Agüero
fbref,https://fbref.com/en/players/268df6b1/Frank-Lampard,2026-09-21T01:16:24Z,200,501K,Frank Lampard
fbref,https://fbref.com/en/players/7cd34266/Robbie-Fowler,2026-09-21T01:19:31Z,200,461K,Robbie Fowler
fbref,https://fbref.com/en/players/f1e8372d/Jermain-Defoe,2026-09-21T01:20:29Z,200,582K,Jermain Defoe
fbref,https://fbref.com/en/players/21a66f6a/matchlogs/2012-2013/Harry-Kane-Match-Logs,2026-09-21T01:47:11Z,200,204K,Harry Kane 2012-2013
fbref,https://fbref.com/en/players/21a66f6a/matchlogs/2013-2014/Harry-Kane-Match-Logs,2026-09-21T01:47:47Z,200,235K,Harry Kane 2013-2014
fbref,https://fbref.com/en/players/21a66f6a/matchlogs/2014-2015/Harry-Kane-Match-Logs,2026-09-21T01:48:31Z,200,362K,Harry Kane 2014-2015
fbref,https://fbref.com/en/players/21a66f6a/matchlogs/2015-2016/Harry-Kane-Match-Logs,2026-09-21T01:48:48Z,200,331K,Harry Kane 2015-2016
fbref,https://fbref.com/en/players/21a66f6a/matchlogs/2016-2017/Harry-Kane-Match-Logs,2026-09-21T01:49:27Z,200,275K,Harry Kane 2016-2017
fbref,https://fbref.com/en/players/21a66f6a/matchlogs/2017-2018/Harry-Kane-Match-Logs,2026-09-21T01:50:04Z,200,314K,Harry Kane 2017-2018
fbref,https://fbref.com/en/players/21a66f6a/matchlogs/2018-2019/Harry-Kane-Match-Logs,2026-09-21T01:51:06Z,200,392K,Harry Kane 2018-2019
fbref,https://fbref.com/en/players/21a66f6a/matchlogs/2019-2020/Harry-Kane-Match-Logs,2026-09-21T01:51:43Z,200,291K,Harry Kane 2019-2020
fbref,https://fbref.com/en/players/21a66f6a/matchlogs/2020-2021/Harry-Kane-Match-Logs,2026-09-21T01:52:08Z,200,334K,Harry Kane 2020-2021
fbref,https://fbref.com/en/players/21a66f6a/matchlogs/2021-2022/Harry-Kane-Match-Logs,2026-09-21T01:52:45Z,200,416K,Harry Kane 2021-2022
fbref,https://fbref.com/en/players/21a66f6a/matchlogs/2022-2023/summary/Harry-Kane-Match-Logs,2026-09-21T02:00:30Z,200,373K,Harry Kane 2022-2023
fbref,https://fbref.com/en/matches/427f5ec7/Tottenham-Hotspur-Sunderland-April-7-2014-Premier-League,2026-09-21T02:01:25Z,200,230K,Match Report
fbref,https://fbref.com/en/matches/b7aee726/West-Bromwich-Albion-Tottenham-Hotspur-April-12-2014-Premier-League,2026-09-21T02:01:38Z,200,236K,Match Report
fbref,https://fbref.com/en/matches/6b4c6bd6/Tottenham-Hotspur-Fulham-April-19-2014-Premier-League,2026-09-21T02:02:00Z,200,227K,Match Report
fbref,https://fbref.com/en/matches/c44f4472/Aston-Villa-Tottenham-Hotspur-November-2-2014-Premier-League,2026-09-21T02:02:05Z,200,237K,Match Report
fbref,https://fbref.com/en/matches/10500703/Hull-City-Tottenham-Hotspur-November-23-2014-Premier-League,2026-09-21T02:02:12Z,200,248K,Match Report
fbref,https://fbref.com/en/matches/a67c8a3e/Swansea-City-Tottenham-Hotspur-December-14-2014-Premier-League,2026-09-21T02:02:33Z,200,250K,Match Report
fbref,https://fbref.com/en/matches/3deaaeb4/Tottenham-Hotspur-Burnley-December-20-2014-Premier-League,2026-09-21T02:02:44Z,200,232K,Match Report
fbref,https://fbref.com/en/matches/12d817fa/Leicester-City-Tottenham-Hotspur-December-26-2014-Premier-League,2026-09-21T02:02:52Z,200,235K,Match Report
fbref,https://fbref.com/en/matches/e9d97331/Tottenham-Hotspur-Chelsea-January-1-2015-Premier-League,2026-09-21T02:03:23Z,200,237K,Match Report
fbref,https://fbref.com/en/matches/b9162a21/Crystal-Palace-Tottenham-Hotspur-January-10-2015-Premier-League,2026-09-21T02:03:35Z,200,235K,Match Report
fbref,https://fbref.com/en/matches/f8246fa4/West-Bromwich-Albion-Tottenham-Hotspur-January-31-2015-Premier-League,2026-09-21T02:03:48Z,200,234K,Match Report
fbref,https://fbref.com/en/matches/64dacc91/North-London-Derby-Tottenham-Hotspur-Arsenal-February-7-2015-Premier-League,2026-09-21T02:04:11Z,200,238K,Match Report
fbref,https://fbref.com/en/matches/9222cfbf/Liverpool-Tottenham-Hotspur-February-10-2015-Premier-League,2026-09-21T02:04:50Z,200,254K,Match Report
fbref,https://fbref.com/en/matches/774497fc/Tottenham-Hotspur-West-Ham-United-February-22-2015-Premier-League,2026-09-21T02:05:10Z,200,235K,Match Report
fbref,https://fbref.com/en/matches/5af581ad/Queens-Park-Rangers-Tottenham-Hotspur-March-7-2015-Premier-League,2026-09-21T02:05:27Z,200,234K,Match Report
fbref,https://fbref.com/en/matches/b538091c/Tottenham-Hotspur-Leicester-City-March-21-2015-Premier-League,2026-09-21T02:06:12Z,200,240K,Match Report
fbref,https://fbref.com/en/matches/9ada192c/Newcastle-United-Tottenham-Hotspur-April-19-2015-Premier-League,2026-09-21T02:06:31Z,200,237K,Match Report
fbref,https://fbref.com/en/matches/1f08ba74/Everton-Tottenham-Hotspur-May-24-2015-Premier-League,2026-09-21T02:06:52Z,200,244K,Match Report
fbref,https://fbref.com/en/matches/a49c9012/Tottenham-Hotspur-Manchester-City-September-26-2015-Premier-League,2026-09-21T02:07:30Z,200,251K,Match Report
fbref,https://fbref.com/en/matches/d012513a/Bournemouth-Tottenham-Hotspur-October-25-2015-Premier-League,2026-09-21T02:08:05Z,200,247K,Match Report
fbref,https://fbref.com/en/matches/a31cada2/Tottenham-Hotspur-Aston-Villa-November-2-2015-Premier-League,2026-09-21T02:08:39Z,200,247K,Match Report
fbref,https://fbref.com/en/matches/a933a6f4/North-London-Derby-Arsenal-Tottenham-Hotspur-November-8-2015-Premier-League,2026-09-21T02:08:46Z,200,245K,Match Report
fbref,https://fbref.com/en/matches/598f83ac/Tottenham-Hotspur-West-Ham-United-November-22-2015-Premier-League,2026-09-21T02:08:52Z,200,249K,Match Report
fbref,https://fbref.com/en/matches/2bb1225e/Southampton-Tottenham-Hotspur-December-19-2015-Premier-League,2026-09-21T02:09:06Z,200,244K,Match Report
fbref,https://fbref.com/en/matches/2e22c9fd/Tottenham-Hotspur-Norwich-City-December-26-2015-Premier-League,2026-09-21T02:09:16Z,200,246K,Match Report
fbref,https://fbref.com/en/matches/c4ee4d89/Tottenham-Hotspur-Sunderland-January-16-2016-Premier-League,2026-09-21T02:09:42Z,200,247K,Match Report
fbref,https://fbref.com/en/matches/b84c6793/Crystal-Palace-Tottenham-Hotspur-January-23-2016-Premier-League,2026-09-21T02:10:00Z,200,246K,Match Report
fbref,https://fbref.com/en/matches/efbefc7a/Norwich-City-Tottenham-Hotspur-February-2-2016-Premier-League,2026-09-21T02:10:11Z,200,245K,Match Report
fbref,https://fbref.com/en/matches/2e18ee84/Manchester-City-Tottenham-Hotspur-February-14-2016-Premier-League,2026-09-21T02:10:41Z,200,245K,Match Report
fbref,https://fbref.com/en/matches/d7d8b7ba/North-London-Derby-Tottenham-Hotspur-Arsenal-March-5-2016-Premier-League,2026-09-21T02:12:04Z,200,251K,Match Report
fbref,https://fbref.com/en/matches/416f96a0/Aston-Villa-Tottenham-Hotspur-March-13-2016-Premier-League,2026-09-21T02:12:39Z,200,240K,Match Report
fbref,https://fbref.com/en/matches/88055a1d/Tottenham-Hotspur-Bournemouth-March-20-2016-Premier-League,2026-09-21T02:13:07Z,200,244K,Match Report
fbref,https://fbref.com/en/matches/b94ce0a7/Liverpool-Tottenham-Hotspur-April-2-2016-Premier-League,2026-09-21T02:14:04Z,200,241K,Match Report
fbref,https://fbref.com/en/matches/34de2c66/Stoke-City-Tottenham-Hotspur-April-18-2016-Premier-League,2026-09-21T02:14:38Z,200,244K,Match Report
fbref,https://fbref.com/en/matches/001f8b37/Chelsea-Tottenham-Hotspur-May-2-2016-Premier-League,2026-09-21T02:15:35Z,200,252K,Match Report
fbref,https://fbref.com/en/matches/d27f6889/Stoke-City-Tottenham-Hotspur-September-10-2016-Premier-League,2026-09-21T02:15:58Z,200,247K,Match Report
fbref,https://fbref.com/en/matches/53afbf61/Tottenham-Hotspur-Sunderland-September-18-2016-Premier-League,2026-09-21T02:16:27Z,200,249K,Match Report
fbref,https://fbref.com/en/matches/61ae4b5a/North-London-Derby-Arsenal-Tottenham-Hotspur-November-6-2016-Premier-League,2026-09-21T02:16:43Z,200,247K,Match Report
fbref,https://fbref.com/en/matches/3a889261/Tottenham-Hotspur-West-Ham-United-November-19-2016-Premier-League,2026-09-21T02:16:58Z,200,251K,Match Report
fbref,https://fbref.com/en/matches/eb48183a/Tottenham-Hotspur-Swansea-City-December-3-2016-Premier-League,2026-09-21T02:17:59Z,200,249K,Match Report
fbref,https://fbref.com/en/matches/766a29a9/Southampton-Tottenham-Hotspur-December-28-2016-Premier-League,2026-09-21T02:18:28Z,200,251K,Match Report
fbref,https://fbref.com/en/matches/3a95bef3/Watford-Tottenham-Hotspur-January-1-2017-Premier-League,2026-09-21T02:19:31Z,200,248K,Match Report
fbref,https://fbref.com/en/matches/482a100b/Tottenham-Hotspur-West-Bromwich-Albion-January-14-2017-Premier-League,2026-09-21T02:19:45Z,200,246K,Match Report
fbref,https://fbref.com/en/matches/2be92889/Tottenham-Hotspur-Middlesbrough-February-4-2017-Premier-League,2026-09-21T02:20:03Z,200,242K,Match Report
fbref,https://fbref.com/en/matches/f30bab22/Tottenham-Hotspur-Stoke-City-February-26-2017-Premier-League,2026-09-21T02:20:36Z,200,249K,Match Report
fbref,https://fbref.com/en/matches/f3357cd6/Tottenham-Hotspur-Everton-March-5-2017-Premier-League,2026-09-21T02:20:51Z,200,248K,Match Report
fbref,https://fbref.com/en/matches/b6799169/Tottenham-Hotspur-Bournemouth-April-15-2017-Premier-League,2026-09-21T02:21:12Z,200,245K,Match Report
fbref,https://fbref.com/en/matches/cdec2a32/North-London-Derby-Tottenham-Hotspur-Arsenal-April-30-2017-Premier-League,2026-09-21T02:21:28Z,200,248K,Match Report
fbref,https://fbref.com/en/matches/7c40f8a6/Tottenham-Hotspur-Manchester-United-May-14-2017-Premier-League,2026-09-21T02:21:42Z,200,248K,Match Report
fbref,https://fbref.com/en/matches/770b5cd3/Leicester-City-Tottenham-Hotspur-May-18-2017-Premier-League,2026-09-21T02:22:16Z,200,251K,Match Report
fbref,https://fbref.com/en/matches/966fe8c9/Hull-City-Tottenham-Hotspur-May-21-2017-Premier-League,2026-09-21T02:22:41Z,200,249K,Match Report
fbref,https://fbref.com/en/matches/2a7d4892/Everton-Tottenham-Hotspur-September-9-2017-Premier-League,2026-09-21T02:23:05Z,200,247K,Match Report
fbref,https://fbref.com/en/matches/8c97796b/West-Ham-United-Tottenham-Hotspur-September-23-2017-Premier-League,2026-09-21T02:23:15Z,200,252K,Match Report
fbref,https://fbref.com/en/matches/f25c2561/Huddersfield-Town-Tottenham-Hotspur-September-30-2017-Premier-League,2026-09-21T02:23:38Z,200,246K,Match Report
fbref,https://fbref.com/en/matches/b43525f5/Tottenham-Hotspur-Liverpool-October-22-2017-Premier-League,2026-09-21T02:23:59Z,200,246K,Match Report
fbref,https://fbref.com/en/matches/0ea2d13d/Tottenham-Hotspur-West-Bromwich-Albion-November-25-2017-Premier-League,2026-09-21T02:24:19Z,200,244K,Match Report
fbref,https://fbref.com/en/matches/49a854c5/Leicester-City-Tottenham-Hotspur-November-28-2017-Premier-League,2026-09-21T02:25:21Z,200,246K,Match Report
fbref,https://fbref.com/en/matches/a91a2bf3/Tottenham-Hotspur-Stoke-City-December-9-2017-Premier-League,2026-09-21T02:25:44Z,200,247K,Match Report
fbref,https://fbref.com/en/matches/c82015ec/Burnley-Tottenham-Hotspur-December-23-2017-Premier-League,2026-09-21T02:26:18Z,200,245K,Match Report
fbref,https://fbref.com/en/matches/ef6aade1/Tottenham-Hotspur-Southampton-December-26-2017-Premier-League,2026-09-21T02:26:37Z,200,249K,Match Report
fbref,https://fbref.com/en/matches/22374439/Tottenham-Hotspur-Everton-January-13-2018-Premier-League,2026-09-21T02:26:52Z,200,246K,Match Report
fbref,https://fbref.com/en/matches/5b5c13a0/Southampton-Tottenham-Hotspur-January-21-2018-Premier-League,2026-09-21T02:27:27Z,200,246K,Match Report
fbref,https://fbref.com/en/matches/4825ca2d/Liverpool-Tottenham-Hotspur-February-4-2018-Premier-League,2026-09-21T02:27:44Z,200,248K,Match Report
fbref,https://fbref.com/en/matches/9be2b4a6/North-London-Derby-Tottenham-Hotspur-Arsenal-February-10-2018-Premier-League,2026-09-21T02:28:29Z,200,244K,Match Report
fbref,https://fbref.com/en/matches/61447e13/Crystal-Palace-Tottenham-Hotspur-February-25-2018-Premier-League,2026-09-21T02:28:42Z,200,237K,Match Report
fbref,https://fbref.com/en/matches/1da6c7b5/Stoke-City-Tottenham-Hotspur-April-7-2018-Premier-League,2026-09-21T02:29:32Z,200,249K,Match Report
fbref,https://fbref.com/en/matches/c42bcaf3/Brighton-and-Hove-Albion-Tottenham-Hotspur-April-17-2018-Premier-League,2026-09-21T02:30:11Z,200,241K,Match Report
fbref,https://fbref.com/en/matches/5f040190/Tottenham-Hotspur-Watford-April-30-2018-Premier-League,2026-09-21T02:30:33Z,200,243K,Match Report
fbref,https://fbref.com/en/matches/90f41993/Tottenham-Hotspur-Newcastle-United-May-9-2018-Premier-League,2026-09-21T02:31:54Z,200,243K,Match Report
fbref,https://fbref.com/en/matches/f8c06939/Tottenham-Hotspur-Leicester-City-May-13-2018-Premier-League,2026-09-21T02:32:00Z,200,252K,Match Report
fbref,https://fbref.com/en/matches/aa8f0365/Tottenham-Hotspur-Fulham-August-18-2018-Premier-League,2026-09-21T02:32:09Z,200,244K,Match Report
fbref,https://fbref.com/en/matches/4bda33db/Manchester-United-Tottenham-Hotspur-August-27-2018-Premier-League,2026-09-21T02:32:42Z,200,248K,Match Report
fbref,https://fbref.com/en/matches/6fe3c413/Brighton-and-Hove-Albion-Tottenham-Hotspur-September-22-2018-Premier-League,2026-09-21T02:33:08Z,200,244K,Match Report
fbref,https://fbref.com/en/matches/de08a7f1/Huddersfield-Town-Tottenham-Hotspur-September-29-2018-Premier-League,2026-09-21T02:33:23Z,200,246K,Match Report
fbref,https://fbref.com/en/matches/b8b6baee/Wolverhampton-Wanderers-Tottenham-Hotspur-November-3-2018-Premier-League,2026-09-21T02:33:46Z,200,250K,Match Report
fbref,https://fbref.com/en/matches/2eca20e6/Tottenham-Hotspur-Chelsea-November-24-2018-Premier-League,2026-09-21T02:33:57Z,200,245K,Match Report
fbref,https://fbref.com/en/matches/2ddc7388/North-London-Derby-Arsenal-Tottenham-Hotspur-December-2-2018-Premier-League,2026-09-21T02:34:10Z,200,254K,Match Report
fbref,https://fbref.com/en/matches/85f0d560/Tottenham-Hotspur-Southampton-December-5-2018-Premier-League,2026-09-21T02:34:28Z,200,244K,Match Report
fbref,https://fbref.com/en/matches/31157c7c/Everton-Tottenham-Hotspur-December-23-2018-Premier-League,2026-09-21T02:34:40Z,200,250K,Match Report
fbref,https://fbref.com/en/matches/5c08f848/Tottenham-Hotspur-Bournemouth-December-26-2018-Premier-League,2026-09-21T02:34:50Z,200,248K,Match Report
fbref,https://fbref.com/en/matches/d72c42c6/Tottenham-Hotspur-Wolverhampton-Wanderers-December-29-2018-Premier-League,2026-09-21T02:35:20Z,200,247K,Match Report
fbref,https://fbref.com/en/matches/eac5074c/Cardiff-City-Tottenham-Hotspur-January-1-2019-Premier-League,2026-09-21T02:35:33Z,200,242K,Match Report
fbref,https://fbref.com/en/matches/a4f29e38/Burnley-Tottenham-Hotspur-February-23-2019-Premier-League,2026-09-21T02:36:06Z,200,245K,Match Report
fbref,https://fbref.com/en/matches/72ed853c/North-London-Derby-Tottenham-Hotspur-Arsenal-March-2-2019-Premier-League,2026-09-21T02:36:18Z,200,247K,Match Report
fbref,https://fbref.com/en/matches/f3bf8c42/Southampton-Tottenham-Hotspur-March-9-2019-Premier-League,2026-09-21T02:36:31Z,200,248K,Match Report
fbref,https://fbref.com/en/matches/404ee5d3/Tottenham-Hotspur-Aston-Villa-August-10-2019-Premier-League,2026-09-21T02:36:41Z,200,245K,Match Report
fbref,https://fbref.com/en/matches/0b6b8aaf/North-London-Derby-Arsenal-Tottenham-Hotspur-September-1-2019-Premier-League,2026-09-21T02:37:05Z,200,247K,Match Report
fbref,https://fbref.com/en/matches/e30adc4b/Leicester-City-Tottenham-Hotspur-September-21-2019-Premier-League,2026-09-21T02:37:34Z,200,248K,Match Report
fbref,https://fbref.com/en/matches/23ec5db0/Tottenham-Hotspur-Southampton-September-28-2019-Premier-League,2026-09-21T02:37:47Z,200,247K,Match Report
fbref,https://fbref.com/en/matches/16f28685/Liverpool-Tottenham-Hotspur-October-27-2019-Premier-League,2026-09-21T02:37:58Z,200,248K,Match Report
fbref,https://fbref.com/en/matches/a7dc884b/West-Ham-United-Tottenham-Hotspur-November-23-2019-Premier-League,2026-09-21T02:38:25Z,200,250K,Match Report
fbref,https://fbref.com/en/matches/56da163b/Tottenham-Hotspur-Burnley-December-7-2019-Premier-League,2026-09-21T02:38:42Z,200,245K,Match Report
fbref,https://fbref.com/en/matches/eebe09b9/Tottenham-Hotspur-Brighton-and-Hove-Albion-December-26-2019-Premier-League,2026-09-21T02:38:49Z,200,249K,Match Report
fbref,https://fbref.com/en/matches/a6e8ab71/Norwich-City-Tottenham-Hotspur-December-28-2019-Premier-League,2026-09-21T02:39:08Z,200,249K,Match Report
fbref,https://fbref.com/en/matches/8fc12d99/Tottenham-Hotspur-West-Ham-United-June-23-2020-Premier-League,2026-09-21T02:39:22Z,200,244K,Match Report
fbref,https://fbref.com/en/matches/70507f3c/Sheffield-United-Tottenham-Hotspur-July-2-2020-Premier-League,2026-09-21T02:39:43Z,200,247K,Match Report
fbref,https://fbref.com/en/matches/21cbea56/Newcastle-United-Tottenham-Hotspur-July-15-2020-Premier-League,2026-09-21T02:40:04Z,200,249K,Match Report
fbref,https://fbref.com/en/matches/d4ce66f6/Tottenham-Hotspur-Leicester-City-July-19-2020-Premier-League,2026-09-21T02:40:17Z,200,256K,Match Report
fbref,https://fbref.com/en/matches/61616d45/Crystal-Palace-Tottenham-Hotspur-July-26-2020-Premier-League,2026-09-21T02:41:43Z,200,247K,Match Report
fbref,https://fbref.com/en/matches/967efd56/Southampton-Tottenham-Hotspur-September-20-2020-Premier-League,2026-09-21T02:54:42Z,200,307K,Match Report
fbref,https://fbref.com/en/matches/cded7e69/Manchester-United-Tottenham-Hotspur-October-4-2020-Premier-League,2026-09-21T02:55:45Z,200,292K,Match Report
fbref,https://fbref.com/en/matches/17f0eec9/Tottenham-Hotspur-West-Ham-United-October-18-2020-Premier-League,2026-09-21T02:56:47Z,200,305K,Match Report
fbref,https://fbref.com/en/matches/1d01ff0c/Tottenham-Hotspur-Brighton-and-Hove-Albion-November-1-2020-Premier-League,2026-09-21T02:57:45Z,200,300K,Match Report
fbref,https://fbref.com/en/matches/90c0e34c/West-Bromwich-Albion-Tottenham-Hotspur-November-8-2020-Premier-League,2026-09-21T02:58:34Z,200,297K,Match Report
fbref,https://fbref.com/en/matches/35abfa2f/North-London-Derby-Tottenham-Hotspur-Arsenal-December-6-2020-Premier-League,2026-09-21T02:58:51Z,200,244K,Match Report
fbref,https://fbref.com/en/matches/9b0e267e/Crystal-Palace-Tottenham-Hotspur-December-13-2020-Premier-League,2026-09-21T03:00:01Z,200,242K,Match Report
fbref,https://fbref.com/en/matches/93463aad/Tottenham-Hotspur-Leeds-United-January-2-2021-Premier-League,2026-09-21T03:00:25Z,200,248K,Match Report
fbref,https://fbref.com/en/matches/fcad17a1/Tottenham-Hotspur-Fulham-January-13-2021-Premier-League,2026-09-21T03:00:49Z,200,243K,Match Report
fbref,https://fbref.com/en/matches/c52b1c4f/Sheffield-United-Tottenham-Hotspur-January-17-2021-Premier-League,2026-09-21T03:01:24Z,200,249K,Match Report
fbref,https://fbref.com/en/matches/4a652b81/Tottenham-Hotspur-West-Bromwich-Albion-February-7-2021-Premier-League,2026-09-21T03:01:50Z,200,246K,Match Report
fbref,https://fbref.com/en/matches/d28c364e/Tottenham-Hotspur-Burnley-February-28-2021-Premier-League,2026-09-21T03:02:07Z,200,245K,Match Report
fbref,https://fbref.com/en/matches/330fc75f/Tottenham-Hotspur-Crystal-Palace-March-7-2021-Premier-League,2026-09-21T03:02:35Z,200,251K,Match Report
fbref,https://fbref.com/en/matches/faf3633c/Aston-Villa-Tottenham-Hotspur-March-21-2021-Premier-League,2026-09-21T03:03:21Z,200,247K,Match Report
fbref,https://fbref.com/en/matches/7a399858/Newcastle-United-Tottenham-Hotspur-April-4-2021-Premier-League,2026-09-21T03:03:37Z,200,248K,Match Report
fbref,https://fbref.com/en/matches/ebeb462d/Everton-Tottenham-Hotspur-April-16-2021-Premier-League,2026-09-21T03:04:07Z,200,243K,Match Report
fbref,https://fbref.com/en/matches/9059c960/Tottenham-Hotspur-Wolverhampton-Wanderers-May-16-2021-Premier-League,2026-09-21T03:04:48Z,200,243K,Match Report
fbref,https://fbref.com/en/matches/0d04cd74/Leicester-City-Tottenham-Hotspur-May-23-2021-Premier-League,2026-09-21T03:05:16Z,200,248K,Match Report
fbref,https://fbref.com/en/matches/4bd69343/Newcastle-United-Tottenham-Hotspur-October-17-2021-Premier-League,2026-09-21T03:06:05Z,200,244K,Match Report
fbref,https://fbref.com/en/matches/4ac8dee4/Tottenham-Hotspur-Liverpool-December-19-2021-Premier-League,2026-09-21T03:07:36Z,200,252K,Match Report
fbref,https://fbref.com/en/matches/ac4560d6/Tottenham-Hotspur-Crystal-Palace-December-26-2021-Premier-League,2026-09-21T03:07:52Z,200,247K,Match Report
fbref,https://fbref.com/en/matches/08d5ef01/Southampton-Tottenham-Hotspur-December-28-2021-Premier-League,2026-09-21T03:08:07Z,200,245K,Match Report
fbref,https://fbref.com/en/matches/77d28549/Leicester-City-Tottenham-Hotspur-January-19-2022-Premier-League,2026-09-21T03:08:36Z,200,248K,Match Report
fbref,https://fbref.com/en/matches/cd797899/Manchester-City-Tottenham-Hotspur-February-19-2022-Premier-League,2026-09-21T03:09:05Z,200,243K,Match Report
fbref,https://fbref.com/en/matches/05d37de9/Leeds-United-Tottenham-Hotspur-February-26-2022-Premier-League,2026-09-21T03:09:31Z,200,249K,Match Report
fbref,https://fbref.com/en/matches/6e11eac6/Tottenham-Hotspur-Everton-March-7-2022-Premier-League,2026-09-21T03:09:48Z,200,249K,Match Report
fbref,https://fbref.com/en/matches/e5e7becb/Manchester-United-Tottenham-Hotspur-March-12-2022-Premier-League,2026-09-21T03:10:31Z,200,248K,Match Report
fbref,https://fbref.com/en/matches/59b3ee40/Brighton-and-Hove-Albion-Tottenham-Hotspur-March-16-2022-Premier-League,2026-09-21T03:11:14Z,200,246K,Match Report
fbref,https://fbref.com/en/matches/26ff83e6/Tottenham-Hotspur-Leicester-City-May-1-2022-Premier-League,2026-09-21T03:12:33Z,200,249K,Match Report
fbref,https://fbref.com/en/matches/607d0562/North-London-Derby-Tottenham-Hotspur-Arsenal-May-12-2022-Premier-League,2026-09-21T03:12:46Z,200,250K,Match Report
fbref,https://fbref.com/en/matches/1d0f7282/Tottenham-Hotspur-Burnley-May-15-2022-Premier-League,2026-09-21T03:14:07Z,200,240K,Match Report
fbref,https://fbref.com/en/matches/771ecae9/Norwich-City-Tottenham-Hotspur-May-22-2022-Premier-League,2026-09-21T03:14:47Z,200,249K,Match Report
fbref,https://fbref.com/en/matches/01e57bf5/Chelsea-Tottenham-Hotspur-August-14-2022-Premier-League,2026-09-21T03:14:59Z,200,252K,Match Report
fbref,https://fbref.com/en/matches/5cc3bd0e/Tottenham-Hotspur-Wolverhampton-Wanderers-August-20-2022-Premier-League,2026-09-21T03:15:08Z,200,250K,Match Report
fbref,https://fbref.com/en/matches/3c364307/Nottingham-Forest-Tottenham-Hotspur-August-28-2022-Premier-League,2026-09-21T03:17:44Z,200,257K,Match Report
fbref,https://fbref.com/en/matches/a497b725/Tottenham-Hotspur-Fulham-September-3-2022-Premier-League,2026-09-21T03:17:51Z,200,251K,Match Report
fbref,https://fbref.com/en/matches/99e44c16/Tottenham-Hotspur-Leicester-City-September-17-2022-Premier-League,2026-09-21T03:18:26Z,200,256K,Match Report
fbref,https://fbref.com/en/matches/aefe3b90/North-London-Derby-Arsenal-Tottenham-Hotspur-October-1-2022-Premier-League,2026-09-21T03:18:44Z,200,258K,Match Report
fbref,https://fbref.com/en/matches/3eeefbc5/Brighton-and-Hove-Albion-Tottenham-Hotspur-October-8-2022-Premier-League,2026-09-21T03:18:53Z,200,247K,Match Report
fbref,https://fbref.com/en/matches/e42493f9/Tottenham-Hotspur-Everton-October-15-2022-Premier-League,2026-09-21T03:19:00Z,200,251K,Match Report
fbref,https://fbref.com/en/matches/ae21490f/Tottenham-Hotspur-Newcastle-United-October-23-2022-Premier-League,2026-09-21T03:19:10Z,200,252K,Match Report
fbref,https://fbref.com/en/matches/2954504d/Tottenham-Hotspur-Liverpool-November-6-2022-Premier-League,2026-09-21T03:19:21Z,200,246K,Match Report
fbref,https://fbref.com/en/matches/0030e686/Tottenham-Hotspur-Leeds-United-November-12-2022-Premier-League,2026-09-21T03:19:42Z,200,257K,Match Report
fbref,https://fbref.com/en/matches/14e4f648/Brentford-Tottenham-Hotspur-December-26-2022-Premier-League,2026-09-21T03:20:08Z,200,245K,Match Report
fbref,https://fbref.com/en/matches/d8118454/Crystal-Palace-Tottenham-Hotspur-January-4-2023-Premier-League,2026-09-21T03:20:29Z,200,252K,Match Report
fbref,https://fbref.com/en/matches/098cd338/Fulham-Tottenham-Hotspur-January-23-2023-Premier-League,2026-09-21T03:20:38Z,200,244K,Match Report
fbref,https://fbref.com/en/matches/8a923619/Tottenham-Hotspur-Manchester-City-February-5-2023-Premier-League,2026-09-21T03:21:01Z,200,245K,Match Report
fbref,https://fbref.com/en/matches/8eff71b5/Tottenham-Hotspur-Chelsea-February-26-2023-Premier-League,2026-09-21T03:21:09Z,200,249K,Match Report
fbref,https://fbref.com/en/matches/d065f9cd/Tottenham-Hotspur-Nottingham-Forest-March-11-2023-Premier-League,2026-09-21T03:21:50Z,200,254K,Match Report
fbref,https://fbref.com/en/matches/bd9ec55d/Southampton-Tottenham-Hotspur-March-18-2023-Premier-League,2026-09-21T03:22:52Z,200,256K,Match Report
fbref,https://fbref.com/en/matches/c00d9a22/Everton-Tottenham-Hotspur-April-3-2023-Premier-League,2026-09-21T03:23:25Z,200,246K,Match Report
fbref,https://fbref.com/en/matches/b3ad7bd4/Tottenham-Hotspur-Brighton-and-Hove-Albion-April-8-2023-Premier-League,2026-09-21T03:23:40Z,200,247K,Match Report
fbref,https://fbref.com/en/matches/dff22d13/Newcastle-United-Tottenham-Hotspur-April-23-2023-Premier-League,2026-09-21T03:24:07Z,200,260K,Match Report
fbref,https://fbref.com/en/matches/e07267b3/Liverpool-Tottenham-Hotspur-April-30-2023-Premier-League,2026-09-21T03:24:14Z,200,256K,Match Report
fbref,https://fbref.com/en/matches/0f1e1478/Tottenham-Hotspur-Crystal-Palace-May-6-2023-Premier-League,2026-09-21T03:24:22Z,200,245K,Match Report
fbref,https://fbref.com/en/matches/362514ee/Aston-Villa-Tottenham-Hotspur-May-13-2023-Premier-League,2026-09-21T03:24:55Z,200,252K,Match Report
fbref,https://fbref.com/en/matches/28ebbaf2/Tottenham-Hotspur-Brentford-May-20-2023-Premier-League,2026-09-21T03:25:23Z,200,253K,Match Report
fbref,https://fbref.com/en/matches/c9c73ddd/Leeds-United-Tottenham-Hotspur-May-28-2023-Premier-League,2026-09-21T03:26:18Z,200,257K,Match Report
fbref,https://fbref.com/en/players/f07be45a/matchlogs/2002-2003/Wayne-Rooney-Match-Logs,2026-09-21T03:26:26Z,200,258K,Wayne Rooney 2002-2003
fbref,https://fbref.com/en/players/f07be45a/matchlogs/2003-2004/Wayne-Rooney-Match-Logs,2026-09-21T03:27:47Z,200,270K,Wayne Rooney 2003-2004
fbref,https://fbref.com/en/players/f07be45a/matchlogs/2004-2005/Wayne-Rooney-Match-Logs,2026-09-21T03:27:59Z,200,276K,Wayne Rooney 2004-2005
fbref,https://fbref.com/en/players/f07be45a/matchlogs/2005-2006/Wayne-Rooney-Match-Logs,2026-09-21T03:28:14Z,200,297K,Wayne Rooney 2005-2006
fbref,https://fbref.com/en/players/f07be45a/matchlogs/2006-2007/Wayne-Rooney-Match-Logs,2026-09-21T03:29:09Z,200,306K,Wayne Rooney 2006-2007
fbref,https://fbref.com/en/players/f07be45a/matchlogs/2007-2008/Wayne-Rooney-Match-Logs,2026-09-21T03:29:43Z,200,274K,Wayne Rooney 2007-2008
fbref,https://fbref.com/en/players/f07be45a/matchlogs/2008-2009/Wayne-Rooney-Match-Logs,2026-09-21T03:30:04Z,200,297K,Wayne Rooney 2008-2009
fbref,https://fbref.com/en/players/f07be45a/matchlogs/2009-2010/Wayne-Rooney-Match-Logs,2026-09-21T03:30:37Z,200,293K,Wayne Rooney 2009-2010
fbref,https://fbref.com/en/players/f07be45a/matchlogs/2010-2011/Wayne-Rooney-Match-Logs,2026-09-21T03:30:54Z,200,276K,Wayne Rooney 2010-2011
fbref,https://fbref.com/en/players/f07be45a/matchlogs/2011-2012/Wayne-Rooney-Match-Logs,2026-09-21T03:31:04Z,200,289K,Wayne Rooney 2011-2012
fbref,https://fbref.com/en/players/f07be45a/matchlogs/2012-2013/Wayne-Rooney-Match-Logs,2026-09-21T03:31:41Z,200,265K,Wayne Rooney 2012-2013
fbref,https://fbref.com/en/players/f07be45a/matchlogs/2013-2014/Wayne-Rooney-Match-Logs,2026-09-21T03:31:52Z,200,298K,Wayne Rooney 2013-2014
fbref,https://fbref.com/en/players/f07be45a/matchlogs/2014-2015/Wayne-Rooney-Match-Logs,2026-09-21T03:32:11Z,200,294K,Wayne Rooney 2014-2015
fbref,https://fbref.com/en/players/f07be45a/matchlogs/2015-2016/Wayne-Rooney-Match-Logs,2026-09-21T03:32:40Z,200,297K,Wayne Rooney 2015-2016
fbref,https://fbref.com/en/players/f07be45a/matchlogs/2016-2017/Wayne-Rooney-Match-Logs,2026-09-21T03:33:01Z,200,298K,Wayne Rooney 2016-2017
fbref,https://fbref.com/en/players/f07be45a/matchlogs/2017-2018/Wayne-Rooney-Match-Logs,2026-09-21T03:33:33Z,200,304K,Wayne Rooney 2017-2018
fbref,https://fbref.com/en/matches/18c21eea/Everton-Arsenal-October-19-2002-Premier-League,2026-09-21T03:34:38Z,200,270K,Match Report
fbref,https://fbref.com/en/matches/5502fec3/Leeds-United-Everton-November-3-2002-Premier-League,2026-09-21T03:36:39Z,200,266K,Match Report
fbref,https://fbref.com/en/matches/78e06ab4/Everton-Blackburn-Rovers-December-14-2002-Premier-League,2026-09-21T03:37:11Z,200,227K,Match Report
fbref,https://fbref.com/en/matches/5d086f9e/Arsenal-Everton-March-23-2003-Premier-League,2026-09-21T03:39:56Z,200,278K,Match Report
fbref,https://fbref.com/en/matches/146b2558/Everton-Newcastle-United-April-6-2003-Premier-League,2026-09-21T03:40:18Z,200,222K,Match Report
fbref,https://fbref.com/en/matches/7fa383f7/Everton-Aston-Villa-April-26-2003-Premier-League,2026-09-21T03:40:35Z,200,228K,Match Report
fbref,https://fbref.com/en/matches/14fb0c1e/Charlton-Athletic-Everton-August-26-2003-Premier-League,2026-09-21T03:40:54Z,200,218K,Match Report
fbref,https://fbref.com/en/matches/2e57178d/Portsmouth-Everton-December-13-2003-Premier-League,2026-09-21T03:41:39Z,200,219K,Match Report
fbref,https://fbref.com/en/matches/7b36629c/Everton-Leicester-City-December-20-2003-Premier-League,2026-09-21T03:42:29Z,200,229K,Match Report
fbref,https://fbref.com/en/matches/a3889d25/Everton-Birmingham-City-December-28-2003-Premier-League,2026-09-21T03:42:36Z,200,226K,Match Report
fbref,https://fbref.com/en/matches/c8e7b8da/Southampton-Everton-February-21-2004-Premier-League,2026-09-21T03:43:04Z,200,223K,Match Report
fbref,https://fbref.com/en/matches/e7f6de19/Everton-Portsmouth-March-13-2004-Premier-League,2026-09-21T03:43:30Z,200,220K,Match Report
fbref,https://fbref.com/en/matches/1dbd8f10/Leicester-City-Everton-March-20-2004-Premier-League,2026-09-21T03:43:40Z,200,225K,Match Report
fbref,https://fbref.com/en/matches/68670d7a/Leeds-United-Everton-April-13-2004-Premier-League,2026-09-21T03:43:53Z,200,218K,Match Report
fbref,https://fbref.com/en/matches/fec6ebec/Manchester-United-Arsenal-October-24-2004-Premier-League,2026-09-21T03:44:45Z,200,221K,Match Report
fbref,https://fbref.com/en/matches/cddb5a86/Manchester-United-Southampton-December-4-2004-Premier-League,2026-09-21T03:45:02Z,200,220K,Match Report
fbref,https://fbref.com/en/matches/a107bd5c/North-West-Derby-Liverpool-Manchester-United-January-15-2005-Premier-League,2026-09-21T03:45:09Z,200,226K,Match Report
fbref,https://fbref.com/en/matches/e6ccaadd/Manchester-United-Birmingham-City-February-5-2005-Premier-League,2026-09-21T03:45:18Z,200,226K,Match Report
fbref,https://fbref.com/en/matches/d86d33fc/Manchester-Derby-Manchester-City-Manchester-United-February-13-2005-Premier-League,2026-09-21T03:45:30Z,200,224K,Match Report
fbref,https://fbref.com/en/matches/c351b5f9/Manchester-United-Portsmouth-February-26-2005-Premier-League,2026-09-21T03:46:34Z,200,227K,Match Report
fbref,https://fbref.com/en/matches/b8f8b0b7/Manchester-United-Newcastle-United-April-24-2005-Premier-League,2026-09-21T03:47:06Z,200,225K,Match Report
fbref,https://fbref.com/en/matches/69a92408/Charlton-Athletic-Manchester-United-May-1-2005-Premier-League,2026-09-21T03:47:28Z,200,229K,Match Report
fbref,https://fbref.com/en/matches/8a50535d/Everton-Manchester-United-August-13-2005-Premier-League,2026-09-21T03:48:13Z,200,226K,Match Report
fbref,https://fbref.com/en/matches/f468e334/Newcastle-United-Manchester-United-August-28-2005-Premier-League,2026-09-21T03:48:34Z,200,224K,Match Report
fbref,https://fbref.com/en/matches/71ba1f4a/Fulham-Manchester-United-October-1-2005-Premier-League,2026-09-21T03:48:50Z,200,227K,Match Report
fbref,https://fbref.com/en/matches/db9fe149/Sunderland-Manchester-United-October-15-2005-Premier-League,2026-09-21T03:49:07Z,200,228K,Match Report
fbref,https://fbref.com/en/matches/709b9f1f/West-Ham-United-Manchester-United-November-27-2005-Premier-League,2026-09-21T03:49:43Z,200,225K,Match Report
fbref,https://fbref.com/en/matches/5900b919/Manchester-United-Portsmouth-December-3-2005-Premier-League,2026-09-21T03:50:07Z,200,225K,Match Report
fbref,https://fbref.com/en/matches/db12f4d1/Manchester-United-Wigan-Athletic-December-14-2005-Premier-League,2026-09-21T03:50:24Z,200,226K,Match Report
fbref,https://fbref.com/en/matches/597eb456/Aston-Villa-Manchester-United-December-17-2005-Premier-League,2026-09-21T03:50:34Z,200,217K,Match Report
fbref,https://fbref.com/en/matches/1e50ce8f/Birmingham-City-Manchester-United-December-28-2005-Premier-League,2026-09-21T03:50:47Z,200,231K,Match Report
fbref,https://fbref.com/en/matches/2129de6a/Manchester-United-Newcastle-United-March-12-2006-Premier-League,2026-09-21T03:50:54Z,200,224K,Match Report
fbref,https://fbref.com/en/matches/193391e7/Manchester-United-Birmingham-City-March-26-2006-Premier-League,2026-09-21T03:51:21Z,200,229K,Match Report
fbref,https://fbref.com/en/matches/2fbb155d/Manchester-United-Arsenal-April-9-2006-Premier-League,2026-09-21T03:51:32Z,200,224K,Match Report
fbref,https://fbref.com/en/matches/ae7fdce9/Tottenham-Hotspur-Manchester-United-April-17-2006-Premier-League,2026-09-21T03:51:44Z,200,222K,Match Report
fbref,https://fbref.com/en/matches/98a3cbc6/Manchester-United-Fulham-August-20-2006-Premier-League,2026-09-21T03:52:20Z,200,227K,Match Report
fbref,https://fbref.com/en/matches/7bc35170/Bolton-Wanderers-Manchester-United-October-28-2006-Premier-League,2026-09-21T03:52:50Z,200,229K,Match Report
fbref,https://fbref.com/en/matches/962103ae/Sheffield-United-Manchester-United-November-18-2006-Premier-League,2026-09-21T03:52:57Z,200,221K,Match Report
fbref,https://fbref.com/en/matches/ee285840/Manchester-Derby-Manchester-United-Manchester-City-December-9-2006-Premier-League,2026-09-21T03:53:02Z,200,226K,Match Report
fbref,https://fbref.com/en/matches/d4bb39b6/Arsenal-Manchester-United-January-21-2007-Premier-League,2026-09-21T03:53:08Z,200,225K,Match Report
fbref,https://fbref.com/en/matches/a867cd68/Manchester-United-Watford-January-31-2007-Premier-League,2026-09-21T03:53:16Z,200,228K,Match Report
fbref,https://fbref.com/en/matches/3fe6fc15/Manchester-United-Bolton-Wanderers-March-17-2007-Premier-League,2026-09-21T03:53:34Z,200,230K,Match Report
fbref,https://fbref.com/en/matches/6d7bdc3b/Manchester-United-Sheffield-United-April-17-2007-Premier-League,2026-09-21T03:53:40Z,200,225K,Match Report
fbref,https://fbref.com/en/matches/29c7038b/Everton-Manchester-United-April-28-2007-Premier-League,2026-09-21T03:53:44Z,200,230K,Match Report
fbref,https://fbref.com/en/matches/20452236/Manchester-United-Wigan-Athletic-October-6-2007-Premier-League,2026-09-21T03:54:27Z,200,228K,Match Report
fbref,https://fbref.com/en/matches/459275b6/Aston-Villa-Manchester-United-October-20-2007-Premier-League,2026-09-21T03:54:44Z,200,232K,Match Report
fbref,https://fbref.com/en/matches/45ddf490/Manchester-United-Middlesbrough-October-27-2007-Premier-League,2026-09-21T03:55:01Z,200,233K,Match Report
fbref,https://fbref.com/en/matches/eec69eff/Sunderland-Manchester-United-December-26-2007-Premier-League,2026-09-21T03:55:24Z,200,226K,Match Report
fbref,https://fbref.com/en/matches/f4be9aa6/Reading-Manchester-United-January-19-2008-Premier-League,2026-09-21T03:55:38Z,200,224K,Match Report
fbref,https://fbref.com/en/matches/c06286e0/Newcastle-United-Manchester-United-February-23-2008-Premier-League,2026-09-21T03:55:53Z,200,231K,Match Report
fbref,https://fbref.com/en/matches/4bf84169/Manchester-United-Aston-Villa-March-29-2008-Premier-League,2026-09-21T03:56:09Z,200,228K,Match Report
fbref,https://fbref.com/en/matches/877b8667/Middlesbrough-Manchester-United-April-6-2008-Premier-League,2026-09-21T03:56:15Z,200,229K,Match Report
fbref,https://fbref.com/en/matches/fe6442d6/Chelsea-Manchester-United-April-26-2008-Premier-League,2026-09-21T03:56:33Z,200,220K,Match Report
fbref,https://fbref.com/en/matches/a79bfaad/Manchester-United-Bolton-Wanderers-September-27-2008-Premier-League,2026-09-21T03:56:46Z,200,224K,Match Report
fbref,https://fbref.com/en/matches/da122181/Blackburn-Rovers-Manchester-United-October-4-2008-Premier-League,2026-09-21T03:57:13Z,200,227K,Match Report
fbref,https://fbref.com/en/matches/f168588d/Manchester-United-West-Bromwich-Albion-October-18-2008-Premier-League,2026-09-21T03:57:21Z,200,226K,Match Report
fbref,https://fbref.com/en/matches/168617fe/Manchester-Derby-Manchester-City-Manchester-United-November-30-2008-Premier-League,2026-09-21T03:57:41Z,200,224K,Match Report
fbref,https://fbref.com/en/matches/2d60a018/Manchester-United-Chelsea-January-11-2009-Premier-League,2026-09-21T03:58:21Z,200,225K,Match Report
fbref,https://fbref.com/en/matches/0035c152/Manchester-United-Wigan-Athletic-January-14-2009-Premier-League,2026-09-21T03:58:34Z,200,225K,Match Report
fbref,https://fbref.com/en/matches/e59541b0/Manchester-United-Fulham-February-18-2009-Premier-League,2026-09-21T03:59:13Z,200,227K,Match Report
fbref,https://fbref.com/en/matches/2eb69e7f/Manchester-United-Blackburn-Rovers-February-21-2009-Premier-League,2026-09-21T03:59:19Z,200,227K,Match Report
fbref,https://fbref.com/en/matches/337eb73a/Newcastle-United-Manchester-United-March-4-2009-Premier-League,2026-09-21T03:59:51Z,200,220K,Match Report
fbref,https://fbref.com/en/matches/1c620fa2/Manchester-United-Portsmouth-April-22-2009-Premier-League,2026-09-21T04:00:02Z,200,221K,Match Report
fbref,https://fbref.com/en/matches/5d6ddf57/Manchester-United-Tottenham-Hotspur-April-25-2009-Premier-League,2026-09-21T04:00:13Z,200,229K,Match Report
fbref,https://fbref.com/en/matches/c99571b3/Manchester-United-Birmingham-City-August-16-2009-Premier-League,2026-09-21T04:00:34Z,200,226K,Match Report
fbref,https://fbref.com/en/matches/73ca7316/Wigan-Athletic-Manchester-United-August-22-2009-Premier-League,2026-09-21T04:01:19Z,200,230K,Match Report
fbref,https://fbref.com/en/matches/3cc7315d/Manchester-United-Arsenal-August-29-2009-Premier-League,2026-09-21T04:02:22Z,200,226K,Match Report
fbref,https://fbref.com/en/matches/72db6374/Tottenham-Hotspur-Manchester-United-September-12-2009-Premier-League,2026-09-21T04:02:36Z,200,228K,Match Report
fbref,https://fbref.com/en/matches/579b1671/Manchester-Derby-Manchester-United-Manchester-City-September-20-2009-Premier-League,2026-09-21T04:02:45Z,200,229K,Match Report
fbref,https://fbref.com/en/matches/7101adf2/Manchester-United-Blackburn-Rovers-October-31-2009-Premier-League,2026-09-21T04:03:09Z,200,227K,Match Report
fbref,https://fbref.com/en/matches/6cd5aea1/Portsmouth-Manchester-United-November-28-2009-Premier-League,2026-09-21T04:03:17Z,200,225K,Match Report
fbref,https://fbref.com/en/matches/6aad1bad/West-Ham-United-Manchester-United-December-5-2009-Premier-League,2026-09-21T04:03:23Z,200,230K,Match Report
fbref,https://fbref.com/en/matches/86ce630a/Manchester-United-Wolverhampton-Wanderers-December-15-2009-Premier-League,2026-09-21T04:03:33Z,200,228K,Match Report
fbref,https://fbref.com/en/matches/ac56278c/Hull-City-Manchester-United-December-27-2009-Premier-League,2026-09-21T04:04:46Z,200,227K,Match Report
fbref,https://fbref.com/en/matches/d40ebb92/Manchester-United-Wigan-Athletic-December-30-2009-Premier-League,2026-09-21T04:05:00Z,200,231K,Match Report
fbref,https://fbref.com/en/matches/6943267c/Manchester-United-Burnley-January-16-2010-Premier-League,2026-09-21T04:05:30Z,200,228K,Match Report
fbref,https://fbref.com/en/matches/6ec9a4b2/Manchester-United-Hull-City-January-23-2010-Premier-League,2026-09-21T04:06:08Z,200,229K,Match Report
fbref,https://fbref.com/en/matches/aa963fd5/Arsenal-Manchester-United-January-31-2010-Premier-League,2026-09-21T04:06:44Z,200,229K,Match Report
fbref,https://fbref.com/en/matches/d9fcc124/Manchester-United-Portsmouth-February-6-2010-Premier-League,2026-09-21T04:07:04Z,200,230K,Match Report
fbref,https://fbref.com/en/matches/7c967a72/Manchester-United-West-Ham-United-February-23-2010-Premier-League,2026-09-21T04:07:23Z,200,228K,Match Report
fbref,https://fbref.com/en/matches/34140e82/Manchester-United-Fulham-March-14-2010-Premier-League,2026-09-21T04:07:47Z,200,226K,Match Report
fbref,https://fbref.com/en/matches/abdc7a78/North-West-Derby-Manchester-United-Liverpool-March-21-2010-Premier-League,2026-09-21T04:08:15Z,200,226K,Match Report
fbref,https://fbref.com/en/matches/1d4dadac/Manchester-United-West-Ham-United-August-28-2010-Premier-League,2026-09-21T04:08:24Z,200,228K,Match Report
fbref,https://fbref.com/en/matches/f5d158ef/West-Bromwich-Albion-Manchester-United-January-1-2011-Premier-League,2026-09-21T04:08:49Z,200,228K,Match Report
fbref,https://fbref.com/en/matches/f7be830d/Manchester-United-Aston-Villa-February-1-2011-Premier-League,2026-09-21T04:09:29Z,200,237K,Match Report
fbref,https://fbref.com/en/matches/ba7b69ba/Manchester-Derby-Manchester-United-Manchester-City-February-12-2011-Premier-League,2026-09-21T04:09:52Z,200,239K,Match Report
fbref,https://fbref.com/en/matches/2ee8038c/Wigan-Athletic-Manchester-United-February-26-2011-Premier-League,2026-09-21T04:10:17Z,200,229K,Match Report
fbref,https://fbref.com/en/matches/c587e5b8/Chelsea-Manchester-United-March-1-2011-Premier-League,2026-09-21T04:10:32Z,200,229K,Match Report
fbref,https://fbref.com/en/matches/20133b93/West-Ham-United-Manchester-United-April-2-2011-Premier-League,2026-09-21T04:11:20Z,200,231K,Match Report
fbref,https://fbref.com/en/matches/90968818/Blackburn-Rovers-Manchester-United-May-14-2011-Premier-League,2026-09-21T04:12:20Z,200,225K,Match Report
fbref,https://fbref.com/en/matches/88cedbae/West-Bromwich-Albion-Manchester-United-August-14-2011-Premier-League,2026-09-21T04:12:31Z,200,228K,Match Report
fbref,https://fbref.com/en/matches/64de8fdc/Manchester-United-Tottenham-Hotspur-August-22-2011-Premier-League,2026-09-21T04:12:43Z,200,228K,Match Report
fbref,https://fbref.com/en/matches/cffc350c/Manchester-United-Arsenal-August-28-2011-Premier-League,2026-09-21T04:13:33Z,200,236K,Match Report
fbref,https://fbref.com/en/matches/8d9c0205/Bolton-Wanderers-Manchester-United-September-10-2011-Premier-League,2026-09-21T04:13:43Z,200,230K,Match Report
fbref,https://fbref.com/en/matches/45f18916/Manchester-United-Chelsea-September-18-2011-Premier-League,2026-09-21T04:14:11Z,200,229K,Match Report
fbref,https://fbref.com/en/matches/9f94bf81/Manchester-United-Wolverhampton-Wanderers-December-10-2011-Premier-League,2026-09-21T04:14:29Z,200,231K,Match Report
fbref,https://fbref.com/en/matches/1867930d/Queens-Park-Rangers-Manchester-United-December-18-2011-Premier-League,2026-09-21T04:15:17Z,200,229K,Match Report
fbref,https://fbref.com/en/matches/39fc0ba0/Fulham-Manchester-United-December-21-2011-Premier-League,2026-09-21T04:15:40Z,200,228K,Match Report
fbref,https://fbref.com/en/matches/2fc9ac54/Chelsea-Manchester-United-February-5-2012-Premier-League,2026-09-21T04:15:49Z,200,226K,Match Report
fbref,https://fbref.com/en/matches/68b86424/North-West-Derby-Manchester-United-Liverpool-February-11-2012-Premier-League,2026-09-21T04:16:09Z,200,221K,Match Report
fbref,https://fbref.com/en/matches/f373fad3/Tottenham-Hotspur-Manchester-United-March-4-2012-Premier-League,2026-09-21T04:16:27Z,200,227K,Match Report
fbref,https://fbref.com/en/matches/2b152977/Manchester-United-West-Bromwich-Albion-March-11-2012-Premier-League,2026-09-21T04:16:48Z,200,226K,Match Report
fbref,https://fbref.com/en/matches/e18cb465/Manchester-United-Fulham-March-26-2012-Premier-League,2026-09-21T04:17:14Z,200,224K,Match Report
fbref,https://fbref.com/en/matches/bd6fb016/Manchester-United-Queens-Park-Rangers-April-8-2012-Premier-League,2026-09-21T04:17:39Z,200,230K,Match Report
fbref,https://fbref.com/en/matches/a2233ef4/Manchester-United-Aston-Villa-April-15-2012-Premier-League,2026-09-21T04:18:10Z,200,229K,Match Report
fbref,https://fbref.com/en/matches/53dc29d7/Manchester-United-Everton-April-22-2012-Premier-League,2026-09-21T04:18:20Z,200,228K,Match Report
fbref,https://fbref.com/en/matches/0ce43017/Sunderland-Manchester-United-May-13-2012-Premier-League,2026-09-21T04:19:11Z,200,222K,Match Report
fbref,https://fbref.com/en/matches/6d9a0430/Manchester-United-Stoke-City-October-20-2012-Premier-League,2026-09-21T04:19:22Z,200,231K,Match Report
fbref,https://fbref.com/en/matches/dcbe2720/Reading-Manchester-United-December-1-2012-Premier-League,2026-09-21T04:19:28Z,200,232K,Match Report
fbref,https://fbref.com/en/matches/51f9ca16/Manchester-Derby-Manchester-City-Manchester-United-December-9-2012-Premier-League,2026-09-21T04:20:06Z,200,231K,Match Report
fbref,https://fbref.com/en/matches/39a3ba29/Manchester-United-Sunderland-December-15-2012-Premier-League,2026-09-21T04:20:56Z,200,229K,Match Report
fbref,https://fbref.com/en/matches/0a8e48ef/Manchester-United-Southampton-January-30-2013-Premier-League,2026-09-21T04:21:22Z,200,228K,Match Report
fbref,https://fbref.com/en/matches/460e22ad/Fulham-Manchester-United-February-2-2013-Premier-League,2026-09-21T04:21:43Z,200,226K,Match Report
fbref,https://fbref.com/en/matches/9a51380d/Manchester-United-Norwich-City-March-2-2013-Premier-League,2026-09-21T04:22:05Z,200,227K,Match Report
fbref,https://fbref.com/en/matches/5577913c/Manchester-United-Reading-March-16-2013-Premier-League,2026-09-21T04:22:17Z,200,223K,Match Report
fbref,https://fbref.com/en/matches/978aadb9/Manchester-United-Crystal-Palace-September-14-2013-Premier-League,2026-09-21T04:22:28Z,200,231K,Match Report
fbref,https://fbref.com/en/matches/3c3ce2de/Manchester-Derby-Manchester-City-Manchester-United-September-22-2013-Premier-League,2026-09-21T04:22:40Z,200,228K,Match Report
fbref,https://fbref.com/en/matches/84732bf2/Manchester-United-West-Bromwich-Albion-September-28-2013-Premier-League,2026-09-21T04:23:15Z,200,232K,Match Report
fbref,https://fbref.com/en/matches/6d7a30e6/Manchester-United-Stoke-City-October-26-2013-Premier-League,2026-09-21T04:23:38Z,200,236K,Match Report
fbref,https://fbref.com/en/matches/2f2373ca/Fulham-Manchester-United-November-2-2013-Premier-League,2026-09-21T04:24:01Z,200,231K,Match Report
fbref,https://fbref.com/en/matches/81301aff/Cardiff-City-Manchester-United-November-24-2013-Premier-League,2026-09-21T04:24:24Z,200,234K,Match Report
fbref,https://fbref.com/en/matches/af4839b3/Tottenham-Hotspur-Manchester-United-December-1-2013-Premier-League,2026-09-21T04:24:49Z,200,232K,Match Report
fbref,https://fbref.com/en/matches/774e2e93/Hull-City-Manchester-United-December-26-2013-Premier-League,2026-09-21T04:24:59Z,200,235K,Match Report
fbref,https://fbref.com/en/matches/4b44f058/Crystal-Palace-Manchester-United-February-22-2014-Premier-League,2026-09-21T04:25:08Z,200,228K,Match Report
fbref,https://fbref.com/en/matches/febf1fe6/West-Bromwich-Albion-Manchester-United-March-8-2014-Premier-League,2026-09-21T04:25:52Z,200,231K,Match Report
fbref,https://fbref.com/en/matches/80ebd6d6/West-Ham-United-Manchester-United-March-22-2014-Premier-League,2026-09-21T04:26:30Z,200,227K,Match Report
fbref,https://fbref.com/en/matches/249bfc30/Manchester-United-Aston-Villa-March-29-2014-Premier-League,2026-09-21T04:26:49Z,200,196K,Match Report
fbref,https://fbref.com/en/matches/ce657576/Manchester-United-Norwich-City-April-26-2014-Premier-League,2026-09-21T04:27:24Z,200,231K,Match Report
fbref,https://fbref.com/en/matches/d192bd78/Manchester-United-Swansea-City-August-16-2014-Premier-League,2026-09-21T04:27:54Z,200,251K,Match Report
fbref,https://fbref.com/en/matches/4198cbd2/Manchester-United-Queens-Park-Rangers-September-14-2014-Premier-League,2026-09-21T04:28:13Z,200,233K,Match Report
fbref,https://fbref.com/en/matches/cd67fe42/Manchester-United-West-Ham-United-September-27-2014-Premier-League,2026-09-21T04:28:44Z,200,235K,Match Report
fbref,https://fbref.com/en/matches/c8406d8f/Arsenal-Manchester-United-November-22-2014-Premier-League,2026-09-21T04:29:27Z,200,234K,Match Report
fbref,https://fbref.com/en/matches/18161cf8/Manchester-United-Hull-City-November-29-2014-Premier-League,2026-09-21T04:29:51Z,200,249K,Match Report
fbref,https://fbref.com/en/matches/c2581fbc/North-West-Derby-Manchester-United-Liverpool-December-14-2014-Premier-League,2026-09-21T04:30:18Z,200,252K,Match Report
fbref,https://fbref.com/en/matches/14328b91/Manchester-United-Newcastle-United-December-26-2014-Premier-League,2026-09-21T04:30:35Z,200,235K,Match Report
fbref,https://fbref.com/en/matches/81e9ad7b/Manchester-United-Sunderland-February-28-2015-Premier-League,2026-09-21T04:30:48Z,200,233K,Match Report
fbref,https://fbref.com/en/matches/af5c55a5/Manchester-United-Tottenham-Hotspur-March-15-2015-Premier-League,2026-09-21T04:30:56Z,200,246K,Match Report
fbref,https://fbref.com/en/matches/dec00a1b/Manchester-United-Aston-Villa-April-4-2015-Premier-League,2026-09-21T04:31:26Z,200,231K,Match Report
fbref,https://fbref.com/en/matches/5f447012/Manchester-United-Sunderland-September-26-2015-Premier-League,2026-09-21T04:31:50Z,200,245K,Match Report
fbref,https://fbref.com/en/matches/ffa16d45/Everton-Manchester-United-October-17-2015-Premier-League,2026-09-21T04:32:13Z,200,246K,Match Report
fbref,https://fbref.com/en/matches/361c2104/Manchester-United-Swansea-City-January-2-2016-Premier-League,2026-09-21T04:32:25Z,200,248K,Match Report
fbref,https://fbref.com/en/matches/9935dde6/Newcastle-United-Manchester-United-January-12-2016-Premier-League,2026-09-21T04:32:37Z,200,249K,Match Report
fbref,https://fbref.com/en/matches/6ec8243f/North-West-Derby-Liverpool-Manchester-United-January-17-2016-Premier-League,2026-09-21T04:32:53Z,200,245K,Match Report
fbref,https://fbref.com/en/matches/90ad6691/Manchester-United-Stoke-City-February-2-2016-Premier-League,2026-09-21T04:33:29Z,200,245K,Match Report
fbref,https://fbref.com/en/matches/3b007c71/Manchester-United-Bournemouth-May-17-2016-Premier-League,2026-09-21T04:33:47Z,200,247K,Match Report
fbref,https://fbref.com/en/matches/5e0de35a/Bournemouth-Manchester-United-August-14-2016-Premier-League,2026-09-21T04:33:58Z,200,247K,Match Report
fbref,https://fbref.com/en/matches/f87ab5f8/Stoke-City-Manchester-United-January-21-2017-Premier-League,2026-09-21T04:34:16Z,200,248K,Match Report
fbref,https://fbref.com/en/matches/71a69677/Burnley-Manchester-United-April-23-2017-Premier-League,2026-09-21T04:34:25Z,200,247K,Match Report
fbref,https://fbref.com/en/matches/9f85335f/Manchester-United-Swansea-City-April-30-2017-Premier-League,2026-09-21T04:34:35Z,200,248K,Match Report
fbref,https://fbref.com/en/matches/7c834541/Everton-Stoke-City-August-12-2017-Premier-League,2026-09-21T04:36:08Z,200,240K,Match Report
fbref,https://fbref.com/en/matches/424dc3f9/Manchester-City-Everton-August-21-2017-Premier-League,2026-09-21T04:37:10Z,200,248K,Match Report
fbref,https://fbref.com/en/matches/1585521f/Brighton-and-Hove-Albion-Everton-October-15-2017-Premier-League,2026-09-21T04:37:27Z,200,247K,Match Report
fbref,https://fbref.com/en/matches/73da64ff/Everton-Arsenal-October-22-2017-Premier-League,2026-09-21T04:37:55Z,200,250K,Match Report
fbref,https://fbref.com/en/matches/a302fbdd/Everton-West-Ham-United-November-29-2017-Premier-League,2026-09-21T04:38:16Z,200,248K,Match Report
fbref,https://fbref.com/en/matches/347ec791/Merseyside-Derby-Liverpool-Everton-December-10-2017-Premier-League,2026-09-21T04:38:51Z,200,246K,Match Report
fbref,https://fbref.com/en/matches/73b5607f/Newcastle-United-Everton-December-13-2017-Premier-League,2026-09-21T04:39:26Z,200,247K,Match Report
fbref,https://fbref.com/en/matches/34b9d0ea/Everton-Swansea-City-December-18-2017-Premier-League,2026-09-21T04:39:54Z,200,249K,Match Report
fbref,https://fbref.com/en/players/e342ad68/matchlogs/2013-2014/Mohamed-Salah-Match-Logs,2026-09-21T04:40:31Z,200,247K,Mohamed Salah 2013-2014
fbref,https://fbref.com/en/players/e342ad68/matchlogs/2014-2015/Mohamed-Salah-Match-Logs,2026-09-21T04:41:15Z,200,294K,Mohamed Salah 2014-2015
fbref,https://fbref.com/en/players/e342ad68/matchlogs/2017-2018/Mohamed-Salah-Match-Logs,2026-09-21T04:42:05Z,200,318K,Mohamed Salah 2017-2018
fbref,https://fbref.com/en/players/e342ad68/matchlogs/2018-2019/Mohamed-Salah-Match-Logs,2026-09-21T04:42:23Z,200,318K,Mohamed Salah 2018-2019
fbref,https://fbref.com/en/players/e342ad68/matchlogs/2019-2020/Mohamed-Salah-Match-Logs,2026-09-21T04:43:34Z,200,299K,Mohamed Salah 2019-2020
fbref,https://fbref.com/en/players/e342ad68/matchlogs/2020-2021/Mohamed-Salah-Match-Logs,2026-09-21T04:43:56Z,200,363K,Mohamed Salah 2020-2021
fbref,https://fbref.com/en/players/e342ad68/matchlogs/2021-2022/Mohamed-Salah-Match-Logs,2026-09-21T04:44:04Z,200,396K,Mohamed Salah 2021-2022
fbref,https://fbref.com/en/players/e342ad68/matchlogs/2022-2023/Mohamed-Salah-Match-Logs,2026-09-21T04:45:29Z,200,385K,Mohamed Salah 2022-2023
fbref,https://fbref.com/en/players/e342ad68/matchlogs/2023-2024/Mohamed-Salah-Match-Logs,2026-09-21T04:46:04Z,200,361K,Mohamed Salah 2023-2024
fbref,https://fbref.com/en/players/e342ad68/matchlogs/2024-2025/Mohamed-Salah-Match-Logs,2026-09-21T04:46:21Z,200,307K,Mohamed Salah 2024-2025
fbref,https://fbref.com/en/players/e342ad68/matchlogs/2025-2026/Mohamed-Salah-Match-Logs,2026-09-21T04:46:45Z,200,301K,Mohamed Salah 2025-2026
fbref,https://fbref.com/en/matches/8f89ae06/North-West-London-Derby-Chelsea-Arsenal-March-22-2014-Premier-League,2026-09-21T04:46:57Z,200,233K,Match Report
fbref,https://fbref.com/en/matches/b3c04b77/Chelsea-Stoke-City-April-5-2014-Premier-League,2026-09-21T04:47:18Z,200,227K,Match Report
fbref,https://fbref.com/en/matches/60f6cc1d/Watford-Liverpool-August-12-2017-Premier-League,2026-09-21T04:47:37Z,200,249K,Match Report
fbref,https://fbref.com/en/matches/e4374144/Liverpool-Arsenal-August-27-2017-Premier-League,2026-09-21T04:47:42Z,200,251K,Match Report
fbref,https://fbref.com/en/matches/ab422c29/Liverpool-Burnley-September-16-2017-Premier-League,2026-09-21T04:47:50Z,200,242K,Match Report
fbref,https://fbref.com/en/matches/4bdab275/Leicester-City-Liverpool-September-23-2017-Premier-League,2026-09-21T04:48:10Z,200,251K,Match Report
fbref,https://fbref.com/en/matches/172202bc/West-Ham-United-Liverpool-November-4-2017-Premier-League,2026-09-21T04:49:11Z,200,248K,Match Report
fbref,https://fbref.com/en/matches/78df644e/Liverpool-Southampton-November-18-2017-Premier-League,2026-09-21T04:49:31Z,200,245K,Match Report
fbref,https://fbref.com/en/matches/aa480195/Liverpool-Chelsea-November-25-2017-Premier-League,2026-09-21T04:49:37Z,200,242K,Match Report
fbref,https://fbref.com/en/matches/21c13e13/Stoke-City-Liverpool-November-29-2017-Premier-League,2026-09-21T04:49:55Z,200,246K,Match Report
fbref,https://fbref.com/en/matches/790f1ce3/Bournemouth-Liverpool-December-17-2017-Premier-League,2026-09-21T04:50:29Z,200,684K,Match Report
fbref,https://fbref.com/en/matches/12c55371/Arsenal-Liverpool-December-22-2017-Premier-League,2026-09-21T04:50:43Z,200,249K,Match Report
fbref,https://fbref.com/en/matches/a26f1f91/Liverpool-Leicester-City-December-30-2017-Premier-League,2026-09-21T04:51:13Z,200,247K,Match Report
fbref,https://fbref.com/en/matches/481fc676/Liverpool-Manchester-City-January-14-2018-Premier-League,2026-09-21T04:51:37Z,200,249K,Match Report
fbref,https://fbref.com/en/matches/813d0751/Huddersfield-Town-Liverpool-January-30-2018-Premier-League,2026-09-21T04:52:35Z,200,244K,Match Report
fbref,https://fbref.com/en/matches/016d56ed/Southampton-Liverpool-February-11-2018-Premier-League,2026-09-21T04:52:49Z,200,245K,Match Report
fbref,https://fbref.com/en/matches/c7b11325/Liverpool-West-Ham-United-February-24-2018-Premier-League,2026-09-21T04:53:44Z,200,247K,Match Report
fbref,https://fbref.com/en/matches/0280920f/Liverpool-Newcastle-United-March-3-2018-Premier-League,2026-09-21T04:53:55Z,200,244K,Match Report
fbref,https://fbref.com/en/matches/99d79931/Liverpool-Watford-March-17-2018-Premier-League,2026-09-21T04:54:09Z,200,246K,Match Report
fbref,https://fbref.com/en/matches/98213b8d/Crystal-Palace-Liverpool-March-31-2018-Premier-League,2026-09-21T04:54:19Z,200,244K,Match Report
fbref,https://fbref.com/en/matches/3c508794/Liverpool-Bournemouth-April-14-2018-Premier-League,2026-09-21T04:54:39Z,200,245K,Match Report
fbref,https://fbref.com/en/matches/a1c7d96c/West-Bromwich-Albion-Liverpool-April-21-2018-Premier-League,2026-09-21T04:55:05Z,200,246K,Match Report
fbref,https://fbref.com/en/matches/0c92e854/Liverpool-Brighton-and-Hove-Albion-May-13-2018-Premier-League,2026-09-21T04:55:23Z,200,245K,Match Report
fbref,https://fbref.com/en/matches/fc2c1788/Liverpool-West-Ham-United-August-12-2018-Premier-League,2026-09-21T04:55:35Z,200,248K,Match Report
fbref,https://fbref.com/en/matches/db5e61cc/Liverpool-Brighton-and-Hove-Albion-August-25-2018-Premier-League,2026-09-21T04:56:21Z,200,243K,Match Report
fbref,https://fbref.com/en/matches/65050401/Liverpool-Southampton-September-22-2018-Premier-League,2026-09-21T04:56:40Z,200,245K,Match Report
fbref,https://fbref.com/en/matches/356d83b4/Huddersfield-Town-Liverpool-October-20-2018-Premier-League,2026-09-21T04:57:10Z,200,243K,Match Report
fbref,https://fbref.com/en/matches/8df7e453/Liverpool-Cardiff-City-October-27-2018-Premier-League,2026-09-21T04:57:29Z,200,243K,Match Report
fbref,https://fbref.com/en/matches/44da6811/Liverpool-Fulham-November-11-2018-Premier-League,2026-09-21T04:57:54Z,200,244K,Match Report
fbref,https://fbref.com/en/matches/cbebd176/Watford-Liverpool-November-24-2018-Premier-League,2026-09-21T04:58:13Z,200,242K,Match Report
fbref,https://fbref.com/en/matches/f7799c66/Bournemouth-Liverpool-December-8-2018-Premier-League,2026-09-21T04:59:03Z,200,246K,Match Report
fbref,https://fbref.com/en/matches/c9705ea1/Wolverhampton-Wanderers-Liverpool-December-21-2018-Premier-League,2026-09-21T04:59:20Z,200,245K,Match Report
fbref,https://fbref.com/en/matches/3d252639/Liverpool-Newcastle-United-December-26-2018-Premier-League,2026-09-21T04:59:33Z,200,632K,Match Report
fbref,https://fbref.com/en/matches/33716a25/Liverpool-Arsenal-December-29-2018-Premier-League,2026-09-21T04:59:46Z,200,249K,Match Report
fbref,https://fbref.com/en/matches/d50a51c0/Brighton-and-Hove-Albion-Liverpool-January-12-2019-Premier-League,2026-09-21T04:59:53Z,200,241K,Match Report
fbref,https://fbref.com/en/matches/98ecfb34/Liverpool-Crystal-Palace-January-19-2019-Premier-League,2026-09-21T05:00:02Z,200,250K,Match Report
fbref,https://fbref.com/en/matches/0a085d29/Liverpool-Bournemouth-February-9-2019-Premier-League,2026-09-21T05:00:17Z,200,246K,Match Report
fbref,https://fbref.com/en/matches/cb6ed621/Southampton-Liverpool-April-5-2019-Premier-League,2026-09-21T05:00:50Z,200,249K,Match Report
fbref,https://fbref.com/en/matches/bcd4eb6f/Liverpool-Chelsea-April-14-2019-Premier-League,2026-09-21T05:01:01Z,200,243K,Match Report
fbref,https://fbref.com/en/matches/89b55cfd/Liverpool-Huddersfield-Town-April-26-2019-Premier-League,2026-09-21T05:01:34Z,200,246K,Match Report
fbref,https://fbref.com/en/matches/0faa6fe4/Newcastle-United-Liverpool-May-4-2019-Premier-League,2026-09-21T05:02:28Z,200,632K,Match Report
fbref,https://fbref.com/en/matches/928467bd/Liverpool-Norwich-City-August-9-2019-Premier-League,2026-09-21T05:02:49Z,200,247K,Match Report
fbref,https://fbref.com/en/matches/102b241e/Liverpool-Arsenal-August-24-2019-Premier-League,2026-09-21T05:02:57Z,200,701K,Match Report
fbref,https://fbref.com/en/matches/cde24fee/Liverpool-Newcastle-United-September-14-2019-Premier-League,2026-09-21T05:03:07Z,200,244K,Match Report
fbref,https://fbref.com/en/matches/47880eb7/Liverpool-Manchester-City-November-10-2019-Premier-League,2026-09-21T05:03:13Z,200,241K,Match Report
fbref,https://fbref.com/en/matches/b7f0ca17/Bournemouth-Liverpool-December-7-2019-Premier-League,2026-09-21T05:03:46Z,200,245K,Match Report
fbref,https://fbref.com/en/matches/f33bb4b3/Liverpool-Watford-December-14-2019-Premier-League,2026-09-21T05:03:58Z,200,242K,Match Report
fbref,https://fbref.com/en/matches/7fe3382b/Liverpool-Sheffield-United-January-2-2020-Premier-League,2026-09-21T05:04:38Z,200,242K,Match Report
fbref,https://fbref.com/en/matches/d2a888b6/North-West-Derby-Liverpool-Manchester-United-January-19-2020-Premier-League,2026-09-21T05:04:49Z,200,246K,Match Report
fbref,https://fbref.com/en/matches/7b057bc1/West-Ham-United-Liverpool-January-29-2020-Premier-League,2026-09-21T05:05:24Z,200,239K,Match Report
fbref,https://fbref.com/en/matches/ab9e9e23/Liverpool-Southampton-February-1-2020-Premier-League,2026-09-21T05:05:34Z,200,246K,Match Report
fbref,https://fbref.com/en/matches/3aee1ba7/Liverpool-West-Ham-United-February-24-2020-Premier-League,2026-09-21T05:05:45Z,200,246K,Match Report
fbref,https://fbref.com/en/matches/a24ed8fc/Liverpool-Bournemouth-March-7-2020-Premier-League,2026-09-21T05:06:02Z,200,242K,Match Report
fbref,https://fbref.com/en/matches/c486cf76/Liverpool-Crystal-Palace-June-24-2020-Premier-League,2026-09-21T05:06:26Z,200,252K,Match Report
fbref,https://fbref.com/en/matches/3296482a/Brighton-and-Hove-Albion-Liverpool-July-8-2020-Premier-League,2026-09-21T05:06:46Z,200,254K,Match Report
fbref,https://fbref.com/en/matches/21b58926/Liverpool-Leeds-United-September-12-2020-Premier-League,2026-09-21T05:07:25Z,200,250K,Match Report
fbref,https://fbref.com/en/matches/14a7771b/Aston-Villa-Liverpool-October-4-2020-Premier-League,2026-09-21T05:07:33Z,200,254K,Match Report
fbref,https://fbref.com/en/matches/6da04e2d/Merseyside-Derby-Everton-Liverpool-October-17-2020-Premier-League,2026-09-21T05:07:43Z,200,251K,Match Report
fbref,https://fbref.com/en/matches/56ad8025/Liverpool-West-Ham-United-October-31-2020-Premier-League,2026-09-21T05:07:55Z,200,246K,Match Report
fbref,https://fbref.com/en/matches/26382194/Manchester-City-Liverpool-November-8-2020-Premier-League,2026-09-21T05:09:49Z,200,241K,Match Report
fbref,https://fbref.com/en/matches/25249736/Liverpool-Wolverhampton-Wanderers-December-6-2020-Premier-League,2026-09-21T05:09:58Z,200,248K,Match Report
fbref,https://fbref.com/en/matches/5abb0bd1/Fulham-Liverpool-December-13-2020-Premier-League,2026-09-21T05:10:08Z,200,245K,Match Report
fbref,https://fbref.com/en/matches/966f86fe/Liverpool-Tottenham-Hotspur-December-16-2020-Premier-League,2026-09-21T05:10:22Z,200,239K,Match Report
fbref,https://fbref.com/en/matches/d05715a8/Crystal-Palace-Liverpool-December-19-2020-Premier-League,2026-09-21T05:10:58Z,200,249K,Match Report
fbref,https://fbref.com/en/matches/3de3a736/West-Ham-United-Liverpool-January-31-2021-Premier-League,2026-09-21T05:11:45Z,200,248K,Match Report
fbref,https://fbref.com/en/matches/e044d71d/Liverpool-Manchester-City-February-7-2021-Premier-League,2026-09-21T05:12:56Z,200,246K,Match Report
fbref,https://fbref.com/en/matches/666f6961/Leicester-City-Liverpool-February-13-2021-Premier-League,2026-09-21T05:13:05Z,200,249K,Match Report
fbref,https://fbref.com/en/matches/562d1981/Arsenal-Liverpool-April-3-2021-Premier-League,2026-09-21T05:13:35Z,200,246K,Match Report
fbref,https://fbref.com/en/matches/20bdebdc/Liverpool-Aston-Villa-April-10-2021-Premier-League,2026-09-21T05:14:01Z,200,249K,Match Report
fbref,https://fbref.com/en/matches/81e8aaf4/Liverpool-Newcastle-United-April-24-2021-Premier-League,2026-09-21T05:14:10Z,200,243K,Match Report
fbref,https://fbref.com/en/matches/9f0275a4/North-West-Derby-Manchester-United-Liverpool-May-13-2021-Premier-League,2026-09-21T05:14:24Z,200,248K,Match Report
fbref,https://fbref.com/en/matches/6a834f6e/West-Bromwich-Albion-Liverpool-May-16-2021-Premier-League,2026-09-21T05:14:36Z,200,242K,Match Report
fbref,https://fbref.com/en/matches/c52500ad/Norwich-City-Liverpool-August-14-2021-Premier-League,2026-09-21T05:14:48Z,200,245K,Match Report
fbref,https://fbref.com/en/matches/78aa75e6/Liverpool-Chelsea-August-28-2021-Premier-League,2026-09-21T05:15:00Z,200,244K,Match Report
fbref,https://fbref.com/en/matches/e6a245be/Leeds-United-Liverpool-September-12-2021-Premier-League,2026-09-21T05:15:09Z,200,247K,Match Report
fbref,https://fbref.com/en/matches/59ef8c18/Liverpool-Crystal-Palace-September-18-2021-Premier-League,2026-09-21T05:15:15Z,200,246K,Match Report
fbref,https://fbref.com/en/matches/87140543/Brentford-Liverpool-September-25-2021-Premier-League,2026-09-21T05:15:35Z,200,244K,Match Report
fbref,https://fbref.com/en/matches/2598b046/Liverpool-Manchester-City-October-3-2021-Premier-League,2026-09-21T05:15:44Z,200,241K,Match Report
fbref,https://fbref.com/en/matches/2ce6d340/Watford-Liverpool-October-16-2021-Premier-League,2026-09-21T05:15:53Z,200,245K,Match Report
fbref,https://fbref.com/en/matches/b886bec4/North-West-Derby-Manchester-United-Liverpool-October-24-2021-Premier-League,2026-09-21T05:16:13Z,200,252K,Match Report
fbref,https://fbref.com/en/matches/e9ea66e1/Liverpool-Arsenal-November-20-2021-Premier-League,2026-09-21T05:16:43Z,200,248K,Match Report
fbref,https://fbref.com/en/matches/b46554fb/Merseyside-Derby-Everton-Liverpool-December-1-2021-Premier-League,2026-09-21T05:16:53Z,200,253K,Match Report
fbref,https://fbref.com/en/matches/678d7dca/Liverpool-Aston-Villa-December-11-2021-Premier-League,2026-09-21T05:17:33Z,200,243K,Match Report
fbref,https://fbref.com/en/matches/5aec4772/Liverpool-Newcastle-United-December-16-2021-Premier-League,2026-09-21T05:17:39Z,200,247K,Match Report
fbref,https://fbref.com/en/matches/3480cc09/Chelsea-Liverpool-January-2-2022-Premier-League,2026-09-21T05:18:04Z,200,244K,Match Report
fbref,https://fbref.com/en/matches/700c9eaf/Liverpool-Norwich-City-February-19-2022-Premier-League,2026-09-21T05:18:20Z,200,245K,Match Report
fbref,https://fbref.com/en/matches/6d0f3b48/Liverpool-Leeds-United-February-23-2022-Premier-League,2026-09-21T05:18:36Z,200,249K,Match Report
fbref,https://fbref.com/en/matches/4d3331bb/Brighton-and-Hove-Albion-Liverpool-March-12-2022-Premier-League,2026-09-21T05:19:12Z,200,246K,Match Report
fbref,https://fbref.com/en/matches/09f1bef7/North-West-Derby-Liverpool-Manchester-United-April-19-2022-Premier-League,2026-09-21T05:20:02Z,200,247K,Match Report
fbref,https://fbref.com/en/matches/8b0f3e28/Liverpool-Wolverhampton-Wanderers-May-22-2022-Premier-League,2026-09-21T05:20:38Z,200,246K,Match Report
fbref,https://fbref.com/en/matches/6713c1dc/Fulham-Liverpool-August-6-2022-Premier-League,2026-09-21T05:20:54Z,200,248K,Match Report
fbref,https://fbref.com/en/matches/3c9a8f71/North-West-Derby-Manchester-United-Liverpool-August-22-2022-Premier-League,2026-09-21T05:21:25Z,200,252K,Match Report
fbref,https://fbref.com/en/matches/2ed4b79f/Liverpool-Manchester-City-October-16-2022-Premier-League,2026-09-21T05:22:00Z,200,244K,Match Report
fbref,https://fbref.com/en/matches/b5b1e744/Liverpool-Leeds-United-October-29-2022-Premier-League,2026-09-21T05:22:21Z,200,245K,Match Report
fbref,https://fbref.com/en/matches/ab7d4465/Aston-Villa-Liverpool-December-26-2022-Premier-League,2026-09-21T05:22:40Z,200,251K,Match Report
fbref,https://fbref.com/en/matches/a895ec23/Merseyside-Derby-Liverpool-Everton-February-13-2023-Premier-League,2026-09-21T05:23:05Z,200,250K,Match Report
fbref,https://fbref.com/en/matches/5e05f5f4/Liverpool-Wolverhampton-Wanderers-March-1-2023-Premier-League,2026-09-21T05:23:13Z,200,253K,Match Report
fbref,https://fbref.com/en/matches/756e8036/North-West-Derby-Liverpool-Manchester-United-March-5-2023-Premier-League,2026-09-21T05:24:56Z,200,262K,Match Report
fbref,https://fbref.com/en/matches/40966f45/Manchester-City-Liverpool-April-1-2023-Premier-League,2026-09-21T05:25:18Z,200,249K,Match Report
fbref,https://fbref.com/en/matches/f3774baa/Liverpool-Arsenal-April-9-2023-Premier-League,2026-09-21T05:26:15Z,200,251K,Match Report
fbref,https://fbref.com/en/matches/fd3d05f5/Leeds-United-Liverpool-April-17-2023-Premier-League,2026-09-21T05:26:29Z,200,258K,Match Report
fbref,https://fbref.com/en/matches/99bfc321/Liverpool-Nottingham-Forest-April-22-2023-Premier-League,2026-09-21T05:26:35Z,200,253K,Match Report
fbref,https://fbref.com/en/matches/24fb8eca/Liverpool-Fulham-May-3-2023-Premier-League,2026-09-21T05:27:54Z,200,250K,Match Report
fbref,https://fbref.com/en/matches/6e2d1c8c/Liverpool-Brentford-May-6-2023-Premier-League,2026-09-21T05:29:09Z,200,253K,Match Report
fbref,https://fbref.com/en/matches/80bebdbb/Liverpool-Bournemouth-August-19-2023-Premier-League,2026-09-21T05:29:17Z,200,258K,Match Report
fbref,https://fbref.com/en/matches/bdbc722e/Liverpool-Aston-Villa-September-3-2023-Premier-League,2026-09-21T05:29:33Z,200,251K,Match Report
fbref,https://fbref.com/en/matches/90adf8b3/Liverpool-West-Ham-United-September-24-2023-Premier-League,2026-09-21T05:29:48Z,200,248K,Match Report
fbref,https://fbref.com/en/matches/3b1ec657/Brighton-and-Hove-Albion-Liverpool-October-8-2023-Premier-League,2026-09-21T05:30:08Z,200,247K,Match Report
fbref,https://fbref.com/en/matches/e747ddb3/Merseyside-Derby-Liverpool-Everton-October-21-2023-Premier-League,2026-09-21T05:30:30Z,200,253K,Match Report
fbref,https://fbref.com/en/matches/79bf0c7f/Liverpool-Nottingham-Forest-October-29-2023-Premier-League,2026-09-21T05:30:47Z,200,255K,Match Report
fbref,https://fbref.com/en/matches/996ee990/Liverpool-Brentford-November-12-2023-Premier-League,2026-09-21T05:31:02Z,200,250K,Match Report
fbref,https://fbref.com/en/matches/a1b18af3/Crystal-Palace-Liverpool-December-9-2023-Premier-League,2026-09-21T05:32:19Z,200,261K,Match Report
fbref,https://fbref.com/en/matches/bfbfbbe8/Liverpool-Arsenal-December-23-2023-Premier-League,2026-09-21T05:33:50Z,200,247K,Match Report
fbref,https://fbref.com/en/matches/107b2d79/Liverpool-Newcastle-United-January-1-2024-Premier-League,2026-09-21T05:35:54Z,200,256K,Match Report
fbref,https://fbref.com/en/matches/ca1e26a0/Brentford-Liverpool-February-17-2024-Premier-League,2026-09-21T05:36:08Z,200,257K,Match Report
fbref,https://fbref.com/en/matches/b763b73e/Liverpool-Brighton-and-Hove-Albion-March-31-2024-Premier-League,2026-09-21T05:36:28Z,200,252K,Match Report
fbref,https://fbref.com/en/matches/d57ffe1a/North-West-Derby-Manchester-United-Liverpool-April-7-2024-Premier-League,2026-09-21T05:37:46Z,200,255K,Match Report
fbref,https://fbref.com/en/matches/08341569/Liverpool-Tottenham-Hotspur-May-5-2024-Premier-League,2026-09-21T05:38:13Z,200,258K,Match Report
fbref,https://fbref.com/en/matches/a1d0d529/Ipswich-Town-Liverpool-August-17-2024-Premier-League,2026-09-21T05:39:12Z,200,252K,Match Report
fbref,https://fbref.com/en/matches/09b1742e/Liverpool-Brentford-August-25-2024-Premier-League,2026-09-21T05:40:04Z,200,254K,Match Report
fbref,https://fbref.com/en/matches/a7ab7a12/North-West-Derby-Manchester-United-Liverpool-September-1-2024-Premier-League,2026-09-21T05:40:18Z,200,253K,Match Report
fbref,https://fbref.com/en/matches/f2633f1d/Wolverhampton-Wanderers-Liverpool-September-28-2024-Premier-League,2026-09-21T05:40:27Z,200,247K,Match Report
fbref,https://fbref.com/en/matches/99b4737c/Liverpool-Chelsea-October-20-2024-Premier-League,2026-09-21T05:40:36Z,200,256K,Match Report
fbref,https://fbref.com/en/matches/68aa1099/Arsenal-Liverpool-October-27-2024-Premier-League,2026-09-21T05:41:12Z,200,252K,Match Report
fbref,https://fbref.com/en/matches/7d114c70/Liverpool-Brighton-and-Hove-Albion-November-2-2024-Premier-League,2026-09-21T05:42:07Z,200,255K,Match Report
fbref,https://fbref.com/en/matches/737af5bf/Liverpool-Aston-Villa-November-9-2024-Premier-League,2026-09-21T05:42:23Z,200,252K,Match Report
fbref,https://fbref.com/en/matches/eb6f8e39/Southampton-Liverpool-November-24-2024-Premier-League,2026-09-21T05:42:37Z,200,254K,Match Report
fbref,https://fbref.com/en/matches/0bd6ad44/Liverpool-Manchester-City-December-1-2024-Premier-League,2026-09-21T05:42:45Z,200,250K,Match Report
fbref,https://fbref.com/en/matches/ca898c29/Newcastle-United-Liverpool-December-4-2024-Premier-League,2026-09-21T05:43:16Z,200,256K,Match Report
fbref,https://fbref.com/en/matches/1e1cea4c/Tottenham-Hotspur-Liverpool-December-22-2024-Premier-League,2026-09-21T05:44:27Z,200,255K,Match Report
fbref,https://fbref.com/en/matches/1f604fbd/Liverpool-Leicester-City-December-26-2024-Premier-League,2026-09-21T05:44:41Z,200,259K,Match Report
fbref,https://fbref.com/en/matches/c1a66ac0/West-Ham-United-Liverpool-December-29-2024-Premier-League,2026-09-21T05:47:16Z,200,257K,Match Report
fbref,https://fbref.com/en/matches/4cef863f/North-West-Derby-Liverpool-Manchester-United-January-5-2025-Premier-League,2026-09-21T05:47:49Z,200,252K,Match Report
fbref,https://fbref.com/en/matches/ee59115f/Liverpool-Ipswich-Town-January-25-2025-Premier-League,2026-09-21T05:48:08Z,200,257K,Match Report
fbref,https://fbref.com/en/matches/886603cd/Bournemouth-Liverpool-February-1-2025-Premier-League,2026-09-21T05:48:15Z,200,246K,Match Report
fbref,https://fbref.com/en/matches/92627434/Merseyside-Derby-Everton-Liverpool-February-12-2025-Premier-League,2026-09-21T05:48:58Z,200,259K,Match Report
fbref,https://fbref.com/en/matches/6a917c79/Liverpool-Wolverhampton-Wanderers-February-16-2025-Premier-League,2026-09-21T05:49:14Z,200,254K,Match Report
fbref,https://fbref.com/en/matches/39c7b656/Aston-Villa-Liverpool-February-19-2025-Premier-League,2026-09-21T05:49:21Z,200,252K,Match Report
fbref,https://fbref.com/en/matches/e51a316b/Manchester-City-Liverpool-February-23-2025-Premier-League,2026-09-21T05:49:42Z,200,250K,Match Report
fbref,https://fbref.com/en/matches/049341ab/Liverpool-Southampton-March-8-2025-Premier-League,2026-09-21T05:50:40Z,200,261K,Match Report
fbref,https://fbref.com/en/matches/64bc833f/Liverpool-Tottenham-Hotspur-April-27-2025-Premier-League,2026-09-21T05:51:02Z,200,256K,Match Report
fbref,https://fbref.com/en/matches/0958eb7a/Liverpool-Crystal-Palace-May-25-2025-Premier-League,2026-09-21T05:51:18Z,200,252K,Match Report
fbref,https://fbref.com/en/matches/a071faa8/Liverpool-Bournemouth-August-15-2025-Premier-League,2026-09-21T05:53:26Z,200,256K,Match Report
fbref,https://fbref.com/en/matches/fed27aaa/Burnley-Liverpool-September-14-2025-Premier-League,2026-09-21T05:53:42Z,200,251K,Match Report
fbref,https://fbref.com/en/matches/26e5ca72/Brentford-Liverpool-October-25-2025-Premier-League,2026-09-21T05:54:05Z,200,261K,Match Report
fbref,https://fbref.com/en/matches/c15115cb/Liverpool-Aston-Villa-November-1-2025-Premier-League,2026-09-21T05:54:19Z,200,246K,Match Report
fbref,https://fbref.com/en/matches/79e52ce5/Wolverhampton-Wanderers-Liverpool-March-3-2026-Premier-League,2026-09-21T05:54:43Z,200,258K,Match Report
fbref,https://fbref.com/en/matches/49d03039/Liverpool-Fulham-April-11-2026-Premier-League,2026-09-21T05:55:06Z,200,252K,Match Report
fbref,https://fbref.com/en/matches/02dbe729/Merseyside-Derby-Everton-Liverpool-April-19-2026-Premier-League,2026-09-21T05:56:33Z,200,253K,Match Report
fbref,https://fbref.com/en/players/b6638a2c/matchlogs/1993-1994/Andy-Cole-Match-Logs,2026-09-21T05:59:37Z,200,236K,Andy Cole 1993-1994
fbref,https://fbref.com/en/players/b6638a2c/matchlogs/1994-1995/Andy-Cole-Match-Logs,2026-09-21T06:00:00Z,200,235K,Andy Cole 1994-1995
fbref,https://fbref.com/en/players/b6638a2c/matchlogs/1995-1996/summary/Andy-Cole-Match-Logs,2026-09-21T06:02:05Z,200,226K,Andy Cole 1995-1996
fbref,https://fbref.com/en/players/b6638a2c/matchlogs/1996-1997/summary/Andy-Cole-Match-Logs,2026-09-21T06:03:25Z,200,206K,Andy Cole 1996-1997
fbref,https://fbref.com/en/players/b6638a2c/matchlogs/1997-1998/summary/Andy-Cole-Match-Logs,2026-09-21T06:05:08Z,200,239K,Andy Cole 1997-1998
fbref,https://fbref.com/en/players/b6638a2c/matchlogs/1998-1999/Andy-Cole-Match-Logs,2026-09-21T06:06:01Z,200,253K,Andy Cole 1998-1999
fbref,https://fbref.com/en/players/b6638a2c/matchlogs/1999-2000/Andy-Cole-Match-Logs,2026-09-21T06:06:26Z,200,265K,Andy Cole 1999-2000
fbref,https://fbref.com/en/players/b6638a2c/matchlogs/2000-2001/Andy-Cole-Match-Logs,2026-09-21T06:07:27Z,200,224K,Andy Cole 2000-2001
fbref,https://fbref.com/en/players/b6638a2c/matchlogs/2001-2002/Andy-Cole-Match-Logs,2026-09-21T06:07:55Z,200,241K,Andy Cole 2001-2002
fbref,https://fbref.com/en/players/b6638a2c/matchlogs/2002-2003/Andy-Cole-Match-Logs,2026-09-21T06:08:18Z,200,249K,Andy Cole 2002-2003
fbref,https://fbref.com/en/players/b6638a2c/matchlogs/2003-2004/summary/Andy-Cole-Match-Logs,2026-09-21T06:11:10Z,200,227K,Andy Cole 2003-2004
fbref,https://fbref.com/en/players/b6638a2c/matchlogs/2004-2005/summary/Andy-Cole-Match-Logs,2026-09-21T06:12:44Z,200,233K,Andy Cole 2004-2005
fbref,https://fbref.com/en/players/b6638a2c/matchlogs/2005-2006/Andy-Cole-Match-Logs,2026-09-21T06:12:57Z,200,215K,Andy Cole 2005-2006
fbref,https://fbref.com/en/players/b6638a2c/matchlogs/2006-2007/Andy-Cole-Match-Logs,2026-09-21T06:13:30Z,200,204K,Andy Cole 2006-2007
fbref,https://fbref.com/en/players/b6638a2c/matchlogs/2007-2008/summary/Andy-Cole-Match-Logs,2026-09-21T06:15:59Z,200,165K,Andy Cole 2007-2008
fbref,https://fbref.com/en/matches/d989c288/Manchester-United-Newcastle-United-August-21-1993-Premier-League,2026-09-21T06:16:35Z,200,217K,Match Report
fbref,https://fbref.com/en/matches/752708a8/Ipswich-Town-Newcastle-United-August-31-1993-Premier-League,2026-09-21T06:17:40Z,200,221K,Match Report
fbref,https://fbref.com/en/matches/0ce08c75/Newcastle-United-Sheffield-Wednesday-September-13-1993-Premier-League,2026-09-21T06:17:51Z,200,221K,Match Report
fbref,https://fbref.com/en/matches/9f6513c8/Newcastle-United-West-Ham-United-September-25-1993-Premier-League,2026-09-21T06:18:04Z,200,218K,Match Report
fbref,https://fbref.com/en/matches/68c62976/Aston-Villa-Newcastle-United-October-2-1993-Premier-League,2026-09-21T06:18:39Z,200,216K,Match Report
fbref,https://fbref.com/en/matches/57ec1dd8/Southampton-Newcastle-United-October-24-1993-Premier-League,2026-09-21T06:18:56Z,200,220K,Match Report
fbref,https://fbref.com/en/matches/b1f6f75e/Newcastle-United-Wimbledon-October-30-1993-Premier-League,2026-09-21T06:19:11Z,200,216K,Match Report
fbref,https://fbref.com/en/matches/24ef8f0c/Oldham-Athletic-Newcastle-United-November-8-1993-Premier-League,2026-09-21T06:20:27Z,200,216K,Match Report
fbref,https://fbref.com/en/matches/58de5776/Newcastle-United-Liverpool-November-21-1993-Premier-League,2026-09-21T06:21:16Z,200,215K,Match Report
fbref,https://fbref.com/en/matches/00b9c081/Newcastle-United-Sheffield-United-November-24-1993-Premier-League,2026-09-21T06:22:07Z,200,221K,Match Report
fbref,https://fbref.com/en/matches/f96dfd28/Newcastle-United-Manchester-United-December-11-1993-Premier-League,2026-09-21T06:23:13Z,200,217K,Match Report
fbref,https://fbref.com/en/matches/8aa6ba8c/Everton-Newcastle-United-December-18-1993-Premier-League,2026-09-21T06:24:06Z,200,216K,Match Report
fbref,https://fbref.com/en/matches/1df01d1a/Newcastle-United-Leeds-United-December-22-1993-Premier-League,2026-09-21T06:24:42Z,200,217K,Match Report
fbref,https://fbref.com/en/matches/8a3dc964/Newcastle-United-Manchester-City-January-1-1994-Premier-League,2026-09-21T06:28:35Z,200,263K,Match Report
fbref,https://fbref.com/en/matches/b261f896/Norwich-City-Newcastle-United-January-4-1994-Premier-League,2026-09-21T06:29:51Z,200,213K,Match Report
fbref,https://fbref.com/en/matches/0893336d/Newcastle-United-Southampton-January-22-1994-Premier-League,2026-09-21T06:31:42Z,200,212K,Match Report
fbref,https://fbref.com/en/matches/fc279ad1/Newcastle-United-Coventry-City-February-23-1994-Premier-League,2026-09-21T06:33:44Z,200,268K,Match Report
fbref,https://fbref.com/en/matches/a64023fe/Sheffield-Wednesday-Newcastle-United-March-5-1994-Premier-League,2026-09-21T06:36:45Z,200,275K,Match Report
fbref,https://fbref.com/en/matches/ab7f83f6/West-Ham-United-Newcastle-United-March-19-1994-Premier-League,2026-09-21T06:36:56Z,200,223K,Match Report
fbref,https://fbref.com/en/matches/de69b28c/Newcastle-United-Ipswich-Town-March-23-1994-Premier-League,2026-09-21T06:37:18Z,200,219K,Match Report
fbref,https://fbref.com/en/matches/b6d42324/Newcastle-United-Norwich-City-March-29-1994-Premier-League,2026-09-21T06:39:00Z,200,220K,Match Report
fbref,https://fbref.com/en/matches/abbf17a0/Leeds-United-Newcastle-United-April-1-1994-Premier-League,2026-09-21T06:41:20Z,200,216K,Match Report
fbref,https://fbref.com/en/matches/9a0fe863/Liverpool-Newcastle-United-April-16-1994-Premier-League,2026-09-21T06:42:12Z,200,221K,Match Report
fbref,https://fbref.com/en/matches/d7b325dd/Newcastle-United-Aston-Villa-April-27-1994-Premier-League,2026-09-21T06:45:23Z,200,281K,Match Report
fbref,https://fbref.com/en/matches/e5d1ecf0/Newcastle-United-Arsenal-May-7-1994-Premier-League,2026-09-21T06:46:59Z,200,262K,Match Report
fbref,https://fbref.com/en/matches/8ba0927a/Leicester-City-Newcastle-United-August-21-1994-Premier-League,2026-09-21T06:47:35Z,200,228K,Match Report
fbref,https://fbref.com/en/matches/724081c6/Newcastle-United-Coventry-City-August-24-1994-Premier-League,2026-09-21T06:48:44Z,200,199K,Match Report
fbref,https://fbref.com/en/matches/1f63677e/Newcastle-United-Southampton-August-27-1994-Premier-League,2026-09-21T06:51:05Z,200,201K,Match Report
fbref,https://fbref.com/en/matches/600ed7ca/Newcastle-United-Chelsea-September-10-1994-Premier-League,2026-09-21T06:53:58Z,200,279K,Match Report
fbref,https://fbref.com/en/matches/01aee979/Aston-Villa-Newcastle-United-October-1-1994-Premier-League,2026-09-21T06:57:39Z,200,275K,Match Report
fbref,https://fbref.com/en/matches/d2e8cf0a/Newcastle-United-Sheffield-Wednesday-October-22-1994-Premier-League,2026-09-21T06:59:29Z,200,196K,Match Report
fbref,https://fbref.com/en/matches/4ee35937/Newcastle-United-Ipswich-Town-November-26-1994-Premier-League,2026-09-21T07:01:26Z,200,276K,Match Report
fbref,https://fbref.com/en/matches/43054039/Manchester-United-Aston-Villa-February-4-1995-Premier-League,2026-09-21T07:01:58Z,200,222K,Match Report
fbref,https://fbref.com/en/matches/4d51f877/Manchester-Derby-Manchester-City-Manchester-United-February-11-1995-Premier-League,2026-09-21T07:02:09Z,200,222K,Match Report
fbref,https://fbref.com/en/matches/7a162847/Manchester-United-Ipswich-Town-March-4-1995-Premier-League,2026-09-21T07:05:16Z,200,281K,Match Report
fbref,https://fbref.com/en/matches/cedb6097/Leicester-City-Manchester-United-April-15-1995-Premier-League,2026-09-21T07:07:18Z,200,223K,Match Report
fbref,https://fbref.com/en/matches/465ec908/Coventry-City-Manchester-United-May-1-1995-Premier-League,2026-09-21T07:08:14Z,200,219K,Match Report
fbref,https://fbref.com/en/matches/09459585/Manchester-United-Southampton-May-10-1995-Premier-League,2026-09-21T07:09:05Z,200,222K,Match Report
fbref,https://fbref.com/en/matches/1abb3507/Manchester-United-Wimbledon-August-26-1995-Premier-League,2026-09-21T07:12:16Z,200,269K,Match Report
fbref,https://fbref.com/en/matches/2cf5ad8c/Manchester-United-Middlesbrough-October-28-1995-Premier-League,2026-09-21T07:15:31Z,200,276K,Match Report
fbref,https://fbref.com/en/matches/d0fde8a2/Manchester-United-Southampton-November-18-1995-Premier-League,2026-09-21T07:17:20Z,200,282K,Match Report
fbref,https://fbref.com/en/matches/fac1682e/Leeds-United-Manchester-United-December-24-1995-Premier-League,2026-09-21T07:17:50Z,200,223K,Match Report
fbref,https://fbref.com/en/matches/29e35eeb/Manchester-United-Newcastle-United-December-27-1995-Premier-League,2026-09-21T07:20:17Z,200,276K,Match Report
fbref,https://fbref.com/en/matches/abaf353f/Manchester-United-Queens-Park-Rangers-December-30-1995-Premier-League,2026-09-21T07:22:36Z,200,268K,Match Report
fbref,https://fbref.com/en/matches/624cf809/Tottenham-Hotspur-Manchester-United-January-1-1996-Premier-League,2026-09-21T07:26:16Z,200,281K,Match Report
fbref,https://fbref.com/en/matches/da8a5d12/Wimbledon-Manchester-United-February-3-1996-Premier-League,2026-09-21T07:26:29Z,200,223K,Match Report
fbref,https://fbref.com/en/matches/c3ff4a5f/Bolton-Wanderers-Manchester-United-February-25-1996-Premier-League,2026-09-21T07:30:31Z,200,266K,Match Report
fbref,https://fbref.com/en/matches/619cbcbc/Manchester-Derby-Manchester-City-Manchester-United-April-6-1996-Premier-League,2026-09-21T07:32:16Z,200,201K,Match Report
fbref,https://fbref.com/en/matches/5a60f10c/Middlesbrough-Manchester-United-May-5-1996-Premier-League,2026-09-21T07:34:42Z,200,263K,Match Report
fbref,https://fbref.com/en/matches/5033459a/Nottingham-Forest-Manchester-United-December-26-1996-Premier-League,2026-09-21T07:37:02Z,200,282K,Match Report
fbref,https://fbref.com/en/matches/6dedd782/Manchester-United-Wimbledon-January-29-1997-Premier-League,2026-09-21T07:39:54Z,200,276K,Match Report
fbref,https://fbref.com/en/matches/412e2147/Arsenal-Manchester-United-February-19-1997-Premier-League,2026-09-21T07:41:25Z,200,223K,Match Report
fbref,https://fbref.com/en/matches/444c82b4/Manchester-United-Sheffield-Wednesday-March-15-1997-Premier-League,2026-09-21T07:44:18Z,200,280K,Match Report
fbref,https://fbref.com/en/matches/164fee77/Blackburn-Rovers-Manchester-United-April-12-1997-Premier-League,2026-09-21T07:46:17Z,200,225K,Match Report
fbref,https://fbref.com/en/matches/a52fff87/North-West-Derby-Liverpool-Manchester-United-April-19-1997-Premier-League,2026-09-21T07:47:13Z,200,224K,Match Report
fbref,https://fbref.com/en/matches/90514d0b/Manchester-United-Coventry-City-August-30-1997-Premier-League,2026-09-21T07:50:07Z,200,275K,Match Report
fbref,https://fbref.com/en/matches/4725e64f/Derby-County-Manchester-United-October-18-1997-Premier-League,2026-09-21T07:52:26Z,200,226K,Match Report
fbref,https://fbref.com/en/matches/2b88c392/Manchester-United-Barnsley-October-25-1997-Premier-League,2026-09-21T07:53:11Z,200,231K,Match Report
fbref,https://fbref.com/en/matches/a935d7bf/Manchester-United-Sheffield-Wednesday-November-1-1997-Premier-League,2026-09-21T07:54:05Z,200,231K,Match Report
fbref,https://fbref.com/en/matches/f182ed99/Wimbledon-Manchester-United-November-22-1997-Premier-League,2026-09-21T07:54:38Z,200,229K,Match Report
fbref,https://fbref.com/en/matches/fb7c9b1b/North-West-Derby-Liverpool-Manchester-United-December-6-1997-Premier-League,2026-09-21T07:55:30Z,200,219K,Match Report
fbref,https://fbref.com/en/matches/1b917fc3/Newcastle-United-Manchester-United-December-21-1997-Premier-League,2026-09-21T07:56:37Z,200,221K,Match Report
fbref,https://fbref.com/en/matches/def43c4f/Manchester-United-Everton-December-26-1997-Premier-League,2026-09-21T07:57:00Z,200,226K,Match Report
fbref,https://fbref.com/en/matches/4da35e38/Manchester-United-Bolton-Wanderers-February-7-1998-Premier-League,2026-09-21T07:57:49Z,200,216K,Match Report
fbref,https://fbref.com/en/matches/6b65c36b/Blackburn-Rovers-Manchester-United-April-6-1998-Premier-League,2026-09-21T08:00:11Z,200,216K,Match Report
fbref,https://fbref.com/en/matches/82e8d4de/Crystal-Palace-Manchester-United-April-27-1998-Premier-League,2026-09-21T08:01:29Z,200,222K,Match Report
fbref,https://fbref.com/en/matches/57e54b6d/Barnsley-Manchester-United-May-10-1998-Premier-League,2026-09-21T08:01:42Z,200,219K,Match Report
fbref,https://fbref.com/en/matches/b569988a/Southampton-Manchester-United-October-3-1998-Premier-League,2026-09-21T08:02:17Z,200,225K,Match Report
fbref,https://fbref.com/en/matches/493d34e6/Manchester-United-Wimbledon-October-17-1998-Premier-League,2026-09-21T08:02:45Z,200,228K,Match Report
fbref,https://fbref.com/en/matches/e523cfb5/Everton-Manchester-United-October-31-1998-Premier-League,2026-09-21T08:03:43Z,200,220K,Match Report
fbref,https://fbref.com/en/matches/3a41ae55/Sheffield-Wednesday-Manchester-United-November-21-1998-Premier-League,2026-09-21T08:04:09Z,200,222K,Match Report
fbref,https://fbref.com/en/matches/03c44e70/Manchester-United-Chelsea-December-16-1998-Premier-League,2026-09-21T08:04:49Z,200,222K,Match Report
fbref,https://fbref.com/en/matches/be4fce2d/Manchester-United-West-Ham-United-January-10-1999-Premier-League,2026-09-21T08:05:37Z,200,225K,Match Report
fbref,https://fbref.com/en/matches/14b1e5a3/Leicester-City-Manchester-United-January-16-1999-Premier-League,2026-09-21T08:07:49Z,200,228K,Match Report
fbref,https://fbref.com/en/matches/9028fd07/Nottingham-Forest-Manchester-United-February-6-1999-Premier-League,2026-09-21T08:09:33Z,200,235K,Match Report
fbref,https://fbref.com/en/matches/f4e3ddcf/Manchester-United-Arsenal-February-17-1999-Premier-League,2026-09-21T08:10:40Z,200,224K,Match Report
fbref,https://fbref.com/en/matches/ca41b6a1/Newcastle-United-Manchester-United-March-13-1999-Premier-League,2026-09-21T08:14:33Z,200,284K,Match Report
fbref,https://fbref.com/en/matches/84e44d01/Leeds-United-Manchester-United-April-25-1999-Premier-League,2026-09-21T08:15:03Z,200,224K,Match Report
fbref,https://fbref.com/en/matches/965aab2c/Manchester-United-Tottenham-Hotspur-May-16-1999-Premier-League,2026-09-21T08:17:39Z,200,229K,Match Report
fbref,https://fbref.com/en/matches/d48d151e/Manchester-United-Sheffield-Wednesday-August-11-1999-Premier-League,2026-09-21T08:19:04Z,200,230K,Match Report
fbref,https://fbref.com/en/matches/73819612/Manchester-United-Newcastle-United-August-30-1999-Premier-League,2026-09-21T08:20:24Z,200,231K,Match Report
fbref,https://fbref.com/en/matches/5a2bbcde/North-West-Derby-Liverpool-Manchester-United-September-11-1999-Premier-League,2026-09-21T08:23:00Z,200,229K,Match Report
fbref,https://fbref.com/en/matches/7dbf7513/Manchester-United-Watford-October-16-1999-Premier-League,2026-09-21T08:25:14Z,200,285K,Match Report
fbref,https://fbref.com/en/matches/5fd596e4/Manchester-United-Aston-Villa-October-30-1999-Premier-League,2026-09-21T08:26:56Z,200,228K,Match Report
fbref,https://fbref.com/en/matches/f6e46cda/Manchester-United-Leicester-City-November-6-1999-Premier-League,2026-09-21T08:27:42Z,200,220K,Match Report
fbref,https://fbref.com/en/matches/373fc9c4/Derby-County-Manchester-United-November-20-1999-Premier-League,2026-09-21T08:29:34Z,200,223K,Match Report
fbref,https://fbref.com/en/matches/74f82dac/Manchester-United-Bradford-City-December-26-1999-Premier-League,2026-09-21T08:31:34Z,200,228K,Match Report
fbref,https://fbref.com/en/matches/292e6d07/Manchester-United-Coventry-City-February-5-2000-Premier-League,2026-09-21T08:33:35Z,200,223K,Match Report
fbref,https://fbref.com/en/matches/35200475/Leeds-United-Manchester-United-February-20-2000-Premier-League,2026-09-21T08:35:36Z,200,215K,Match Report
fbref,https://fbref.com/en/matches/4047a5cc/Wimbledon-Manchester-United-February-26-2000-Premier-League,2026-09-21T08:38:37Z,200,308K,Match Report
fbref,https://fbref.com/en/matches/f5c03721/Manchester-United-West-Ham-United-April-1-2000-Premier-League,2026-09-21T08:39:31Z,200,226K,Match Report
fbref,https://fbref.com/en/matches/1b27c135/Middlesbrough-Manchester-United-April-10-2000-Premier-League,2026-09-21T08:42:40Z,200,284K,Match Report
fbref,https://fbref.com/en/matches/71a98fba/Manchester-United-Newcastle-United-August-20-2000-Premier-League,2026-09-21T08:43:29Z,200,225K,Match Report
fbref,https://fbref.com/en/matches/b5f0509e/West-Ham-United-Manchester-United-August-26-2000-Premier-League,2026-09-21T08:44:23Z,200,222K,Match Report
fbref,https://fbref.com/en/matches/fb6abfa6/Manchester-United-Bradford-City-September-5-2000-Premier-League,2026-09-21T08:45:19Z,200,226K,Match Report
fbref,https://fbref.com/en/matches/3693c89b/Manchester-United-Southampton-October-28-2000-Premier-League,2026-09-21T08:48:09Z,200,229K,Match Report
fbref,https://fbref.com/en/matches/8218548f/Coventry-City-Manchester-United-November-4-2000-Premier-League,2026-09-21T08:48:57Z,200,226K,Match Report
fbref,https://fbref.com/en/matches/25531a4c/Sunderland-Manchester-United-January-31-2001-Premier-League,2026-09-21T08:52:13Z,200,229K,Match Report
fbref,https://fbref.com/en/matches/81ad5c2a/Chelsea-Manchester-United-February-10-2001-Premier-League,2026-09-21T08:53:13Z,200,219K,Match Report
fbref,https://fbref.com/en/matches/6284dc0f/Manchester-United-Charlton-Athletic-April-10-2001-Premier-League,2026-09-21T08:55:34Z,200,283K,Match Report
fbref,https://fbref.com/en/matches/686d1237/Manchester-United-Everton-September-8-2001-Premier-League,2026-09-21T08:58:05Z,200,285K,Match Report
fbref,https://fbref.com/en/matches/8272fada/Manchester-United-Ipswich-Town-September-22-2001-Premier-League,2026-09-21T08:58:22Z,200,226K,Match Report
fbref,https://fbref.com/en/matches/609e0135/Tottenham-Hotspur-Manchester-United-September-29-2001-Premier-League,2026-09-21T09:00:12Z,200,226K,Match Report
fbref,https://fbref.com/en/matches/020b76e1/Sunderland-Manchester-United-October-13-2001-Premier-League,2026-09-21T09:01:05Z,200,223K,Match Report
fbref,https://fbref.com/en/matches/36414e25/Blackburn-Rovers-Charlton-Athletic-January-12-2002-Premier-League,2026-09-21T09:03:08Z,200,225K,Match Report
fbref,https://fbref.com/en/matches/36a44b94/Blackburn-Rovers-Aston-Villa-March-5-2002-Premier-League,2026-09-21T09:03:45Z,200,227K,Match Report
fbref,https://fbref.com/en/matches/0457dd29/Blackburn-Rovers-Ipswich-Town-March-13-2002-Premier-League,2026-09-21T09:05:43Z,200,228K,Match Report
fbref,https://fbref.com/en/matches/2371625c/Middlesbrough-Blackburn-Rovers-April-20-2002-Premier-League,2026-09-21T09:08:49Z,200,282K,Match Report
fbref,https://fbref.com/en/matches/0a392f9d/Everton-Blackburn-Rovers-April-28-2002-Premier-League,2026-09-21T09:09:36Z,200,222K,Match Report
fbref,https://fbref.com/en/matches/e8bef3c9/Liverpool-Blackburn-Rovers-May-8-2002-Premier-League,2026-09-21T09:09:55Z,200,227K,Match Report
fbref,https://fbref.com/en/matches/63526ced/Blackburn-Rovers-Fulham-May-11-2002-Premier-League,2026-09-21T09:11:05Z,200,227K,Match Report
fbref,https://fbref.com/en/matches/b5310400/Manchester-City-Blackburn-Rovers-September-15-2002-Premier-League,2026-09-21T09:13:56Z,200,228K,Match Report
fbref,https://fbref.com/en/matches/36c9827b/Southampton-Blackburn-Rovers-November-9-2002-Premier-League,2026-09-21T09:14:24Z,200,222K,Match Report
fbref,https://fbref.com/en/matches/77bf2d7d/Liverpool-Blackburn-Rovers-December-26-2002-Premier-League,2026-09-21T09:15:23Z,200,222K,Match Report
fbref,https://fbref.com/en/matches/88445655/Blackburn-Rovers-West-Ham-United-December-28-2002-Premier-League,2026-09-21T09:19:02Z,200,284K,Match Report
fbref,https://fbref.com/en/matches/60ae62dc/Leeds-United-Blackburn-Rovers-April-26-2003-Premier-League,2026-09-21T09:19:39Z,200,225K,Match Report
fbref,https://fbref.com/en/matches/46e96cec/Tottenham-Hotspur-Blackburn-Rovers-May-11-2003-Premier-League,2026-09-21T09:23:19Z,200,270K,Match Report
fbref,https://fbref.com/en/matches/43fffa9b/Blackburn-Rovers-Wolverhampton-Wanderers-August-16-2003-Premier-League,2026-09-21T09:24:12Z,200,228K,Match Report
fbref,https://fbref.com/en/matches/6fdc9e90/Chelsea-Blackburn-Rovers-August-30-2003-Premier-League,2026-09-21T09:24:53Z,200,228K,Match Report
fbref,https://fbref.com/en/matches/851edcd3/Portsmouth-Blackburn-Rovers-September-20-2003-Premier-League,2026-09-21T09:25:39Z,200,226K,Match Report
fbref,https://fbref.com/en/matches/cec5a10f/Wolverhampton-Wanderers-Blackburn-Rovers-January-7-2004-Premier-League,2026-09-21T09:26:19Z,200,226K,Match Report
fbref,https://fbref.com/en/matches/3e35a493/Blackburn-Rovers-Bolton-Wanderers-January-10-2004-Premier-League,2026-09-21T09:26:33Z,200,233K,Match Report
fbref,https://fbref.com/en/matches/08a64761/Charlton-Athletic-Blackburn-Rovers-February-21-2004-Premier-League,2026-09-21T09:27:00Z,200,229K,Match Report
fbref,https://fbref.com/en/matches/7e1679b8/Blackburn-Rovers-Southampton-February-28-2004-Premier-League,2026-09-21T09:27:59Z,200,221K,Match Report
fbref,https://fbref.com/en/matches/b052781b/Fulham-Blackburn-Rovers-April-12-2004-Premier-League,2026-09-21T09:28:47Z,200,229K,Match Report
fbref,https://fbref.com/en/matches/806037fa/Blackburn-Rovers-Birmingham-City-May-15-2004-Premier-League,2026-09-21T09:29:45Z,200,225K,Match Report
fbref,https://fbref.com/en/matches/f43654f3/Fulham-Bolton-Wanderers-August-21-2004-Premier-League,2026-09-21T09:30:45Z,200,226K,Match Report
fbref,https://fbref.com/en/matches/faaa7413/Portsmouth-Fulham-August-30-2004-Premier-League,2026-09-21T09:32:08Z,200,229K,Match Report
fbref,https://fbref.com/en/matches/25f4920b/West-Bromwich-Albion-Fulham-September-18-2004-Premier-League,2026-09-21T09:32:26Z,200,224K,Match Report
fbref,https://fbref.com/en/matches/6cf694d5/Fulham-Tottenham-Hotspur-October-30-2004-Premier-League,2026-09-21T09:33:54Z,200,221K,Match Report
fbref,https://fbref.com/en/matches/26dfaaee/Norwich-City-Fulham-December-4-2004-Premier-League,2026-09-21T09:34:54Z,200,215K,Match Report
fbref,https://fbref.com/en/matches/9a6cc0d4/Fulham-Crystal-Palace-January-1-2005-Premier-League,2026-09-21T09:37:53Z,200,284K,Match Report
fbref,https://fbref.com/en/matches/df95f925/Birmingham-City-Fulham-January-22-2005-Premier-League,2026-09-21T09:41:02Z,200,278K,Match Report
fbref,https://fbref.com/en/matches/2b2b9d61/Liverpool-Fulham-February-5-2005-Premier-League,2026-09-21T09:41:54Z,200,221K,Match Report
fbref,https://fbref.com/en/matches/18504b63/Fulham-Portsmouth-April-3-2005-Premier-League,2026-09-21T09:44:42Z,200,230K,Match Report
fbref,https://fbref.com/en/matches/6a8e5bbe/Fulham-Norwich-City-May-15-2005-Premier-League,2026-09-21T09:46:16Z,200,281K,Match Report
fbref,https://fbref.com/en/matches/bd3f9ae4/Birmingham-City-Manchester-City-August-20-2005-Premier-League,2026-09-21T09:47:01Z,200,225K,Match Report
fbref,https://fbref.com/en/matches/0e89ae54/Manchester-City-Portsmouth-August-27-2005-Premier-League,2026-09-21T09:47:17Z,200,222K,Match Report
fbref,https://fbref.com/en/matches/d0cba9cb/Manchester-City-West-Ham-United-October-16-2005-Premier-League,2026-09-21T09:48:00Z,200,225K,Match Report
fbref,https://fbref.com/en/matches/deccf3d6/Manchester-City-Aston-Villa-October-31-2005-Premier-League,2026-09-21T09:51:37Z,200,284K,Match Report
fbref,https://fbref.com/en/matches/4ed552d2/Charlton-Athletic-Manchester-City-December-4-2005-Premier-League,2026-09-21T09:54:07Z,200,231K,Match Report
fbref,https://fbref.com/en/matches/84659932/Wigan-Athletic-Manchester-City-December-26-2005-Premier-League,2026-09-21T09:55:06Z,200,228K,Match Report
fbref,https://fbref.com/en/matches/83e515f3/Manchester-City-Newcastle-United-February-1-2006-Premier-League,2026-09-21T09:56:09Z,200,227K,Match Report
fbref,https://fbref.com/en/matches/82e71fb3/Portsmouth-West-Ham-United-October-14-2006-Premier-League,2026-09-21T09:58:29Z,200,226K,Match Report
fbref,https://fbref.com/en/matches/0e1fee29/Portsmouth-Fulham-November-11-2006-Premier-League,2026-09-21T10:01:06Z,200,226K,Match Report
fbref,https://fbref.com/en/matches/f387aaad/Bolton-Wanderers-Portsmouth-December-30-2006-Premier-League,2026-09-21T10:02:01Z,200,224K,Match Report
fbref,https://fbref.com/en/players/4d034881/matchlogs/2011-2012/summary/Sergio-Agüero-Match-Logs,2026-09-21T10:14:48Z,200,325K,Sergio Agüero 2011-2012
fbref,https://fbref.com/en/players/4d034881/matchlogs/2012-2013/summary/Sergio-Agüero-Match-Logs,2026-09-21T10:20:17Z,200,299K,Sergio Agüero 2012-2013
fbref,https://fbref.com/en/players/4d034881/matchlogs/2013-2014/summary/Sergio-Agüero-Match-Logs,2026-09-21T10:24:36Z,200,305K,Sergio Agüero 2013-2014
fbref,https://fbref.com/en/players/4d034881/matchlogs/2014-2015/summary/Sergio-Agüero-Match-Logs,2026-09-21T10:27:26Z,200,330K,Sergio Agüero 2014-2015
fbref,https://fbref.com/en/players/4d034881/matchlogs/2015-2016/summary/Sergio-Agüero-Match-Logs,2026-09-21T10:33:12Z,200,355K,Sergio Agüero 2015-2016
fbref,https://fbref.com/en/players/4d034881/matchlogs/2016-2017/summary/Sergio-Agüero-Match-Logs,2026-09-21T10:40:55Z,200,336K,Sergio Agüero 2016-2017
fbref,https://fbref.com/en/players/4d034881/matchlogs/2017-2018/summary/Sergio-Agüero-Match-Logs,2026-09-21T10:45:35Z,200,334K,Sergio Agüero 2017-2018
fbref,https://fbref.com/en/players/4d034881/matchlogs/2018-2019/summary/Sergio-Agüero-Match-Logs,2026-09-21T10:49:50Z,200,341K,Sergio Agüero 2018-2019
fbref,https://fbref.com/en/players/4d034881/matchlogs/2019-2020/summary/Sergio-Agüero-Match-Logs,2026-09-21T10:54:36Z,200,294K,Sergio Agüero 2019-2020
fbref,https://fbref.com/en/players/4d034881/matchlogs/2020-2021/summary/Sergio-Agüero-Match-Logs,2026-09-21T10:58:43Z,200,282K,Sergio Agüero 2020-2021
fbref,https://fbref.com/en/matches/b97322f9/Manchester-City-Swansea-City-August-15-2011-Premier-League,2026-09-21T11:04:49Z,200,229K,Match Report
fbref,https://fbref.com/en/matches/ce1de45e/Tottenham-Hotspur-Manchester-City-August-28-2011-Premier-League,2026-09-21T11:05:31Z,200,229K,Match Report
fbref,https://fbref.com/en/matches/7417e847/Manchester-City-Wigan-Athletic-September-10-2011-Premier-League,2026-09-21T11:08:20Z,200,284K,Match Report
fbref,https://fbref.com/en/matches/3e783409/Fulham-Manchester-City-September-18-2011-Premier-League,2026-09-21T11:11:33Z,200,226K,Match Report
fbref,https://fbref.com/en/matches/daeb68eb/Manchester-Derby-Manchester-United-Manchester-City-October-23-2011-Premier-League,2026-09-21T11:12:40Z,200,232K,Match Report
fbref,https://fbref.com/en/matches/f6d45a20/Manchester-City-Newcastle-United-November-19-2011-Premier-League,2026-09-21T11:13:53Z,200,229K,Match Report
fbref,https://fbref.com/en/matches/e497416d/Manchester-City-Norwich-City-December-3-2011-Premier-League,2026-09-21T11:14:39Z,200,231K,Match Report
fbref,https://fbref.com/en/matches/a69b7a7d/Manchester-City-Stoke-City-December-21-2011-Premier-League,2026-09-21T11:18:47Z,200,271K,Match Report
fbref,https://fbref.com/en/matches/b144a242/Manchester-City-Liverpool-January-3-2012-Premier-League,2026-09-21T11:19:22Z,200,226K,Match Report
fbref,https://fbref.com/en/matches/72c2d84a/Manchester-City-Fulham-February-4-2012-Premier-League,2026-09-21T11:21:35Z,200,271K,Match Report
fbref,https://fbref.com/en/matches/09ac0434/Manchester-City-Blackburn-Rovers-February-25-2012-Premier-League,2026-09-21T11:23:23Z,200,226K,Match Report
fbref,https://fbref.com/en/matches/1f70c097/Manchester-City-Chelsea-March-21-2012-Premier-League,2026-09-21T11:24:30Z,200,227K,Match Report
fbref,https://fbref.com/en/matches/a30be9ee/Manchester-City-West-Bromwich-Albion-April-11-2012-Premier-League,2026-09-21T11:24:40Z,200,227K,Match Report
fbref,https://fbref.com/en/matches/5fcadd29/Norwich-City-Manchester-City-April-14-2012-Premier-League,2026-09-21T11:25:21Z,200,232K,Match Report
fbref,https://fbref.com/en/matches/30f74f80/Wolverhampton-Wanderers-Manchester-City-April-22-2012-Premier-League,2026-09-21T11:27:16Z,200,227K,Match Report
fbref,https://fbref.com/en/matches/f6b0fa57/Manchester-City-Queens-Park-Rangers-May-13-2012-Premier-League,2026-09-21T11:27:46Z,200,229K,Match Report
fbref,https://fbref.com/en/matches/8bb7fd65/Fulham-Manchester-City-September-29-2012-Premier-League,2026-09-21T11:28:01Z,200,228K,Match Report
fbref,https://fbref.com/en/matches/dcb86135/Manchester-City-Sunderland-October-6-2012-Premier-League,2026-09-21T11:28:41Z,200,228K,Match Report
fbref,https://fbref.com/en/matches/6ed676eb/Manchester-City-Tottenham-Hotspur-November-11-2012-Premier-League,2026-09-21T11:31:08Z,200,229K,Match Report
fbref,https://fbref.com/en/matches/42c33d7a/Manchester-City-Aston-Villa-November-17-2012-Premier-League,2026-09-21T11:31:49Z,200,230K,Match Report
fbref,https://fbref.com/en/matches/cab701df/Newcastle-United-Manchester-City-December-15-2012-Premier-League,2026-09-21T11:32:09Z,200,230K,Match Report
fbref,https://fbref.com/en/matches/c3eaadcc/Norwich-City-Manchester-City-December-29-2012-Premier-League,2026-09-21T11:32:19Z,200,234K,Match Report
fbref,https://fbref.com/en/matches/f85109e1/Manchester-City-Stoke-City-January-1-2013-Premier-League,2026-09-21T11:33:04Z,200,225K,Match Report
fbref,https://fbref.com/en/matches/ec2b63d6/Manchester-City-Liverpool-February-3-2013-Premier-League,2026-09-21T11:34:03Z,200,227K,Match Report
fbref,https://fbref.com/en/matches/68c9f470/Manchester-Derby-Manchester-United-Manchester-City-April-8-2013-Premier-League,2026-09-21T11:35:02Z,200,235K,Match Report
fbref,https://fbref.com/en/matches/f25be380/Manchester-City-West-Ham-United-April-27-2013-Premier-League,2026-09-21T11:35:23Z,200,228K,Match Report
fbref,https://fbref.com/en/matches/c5c511b8/Reading-Manchester-City-May-14-2013-Premier-League,2026-09-21T11:35:45Z,200,225K,Match Report
fbref,https://fbref.com/en/matches/91a4f233/Manchester-City-Newcastle-United-August-19-2013-Premier-League,2026-09-21T11:36:37Z,200,235K,Match Report
fbref,https://fbref.com/en/matches/af874e7a/Manchester-City-Everton-October-5-2013-Premier-League,2026-09-21T11:37:11Z,200,236K,Match Report
fbref,https://fbref.com/en/matches/228bc9fe/West-Ham-United-Manchester-City-October-19-2013-Premier-League,2026-09-21T11:38:11Z,200,232K,Match Report
fbref,https://fbref.com/en/matches/77efb5c5/Chelsea-Manchester-City-October-27-2013-Premier-League,2026-09-21T11:38:45Z,200,232K,Match Report
fbref,https://fbref.com/en/matches/4f09ce45/Manchester-City-Norwich-City-November-2-2013-Premier-League,2026-09-21T11:39:47Z,200,231K,Match Report
fbref,https://fbref.com/en/matches/f9c57baa/Manchester-City-Tottenham-Hotspur-November-24-2013-Premier-League,2026-09-21T11:40:35Z,200,234K,Match Report
fbref,https://fbref.com/en/matches/ef0554e9/West-Bromwich-Albion-Manchester-City-December-4-2013-Premier-League,2026-09-21T11:41:33Z,200,232K,Match Report
fbref,https://fbref.com/en/matches/1f88b2d8/Southampton-Manchester-City-December-7-2013-Premier-League,2026-09-21T11:45:05Z,200,28.3K,Match Report
fbref,https://fbref.com/en/matches/e40003e8/Manchester-City-Arsenal-December-14-2013-Premier-League,2026-09-21T11:47:57Z,200,291K,Match Report
fbref,https://fbref.com/en/matches/6c03e1e4/Manchester-City-Cardiff-City-January-18-2014-Premier-League,2026-09-21T11:51:04Z,200,288K,Match Report
fbref,https://fbref.com/en/matches/48bf9582/Tottenham-Hotspur-Manchester-City-January-29-2014-Premier-League,2026-09-21T11:51:53Z,200,236K,Match Report
fbref,https://fbref.com/en/matches/82d70db1/Manchester-City-West-Bromwich-Albion-April-21-2014-Premier-League,2026-09-21T11:53:00Z,200,231K,Match Report
fbref,https://fbref.com/en/matches/55470c1a/Everton-Manchester-City-May-3-2014-Premier-League,2026-09-21T11:53:12Z,200,230K,Match Report
fbref,https://fbref.com/en/matches/bc989fec/Newcastle-United-Manchester-City-August-17-2014-Premier-League,2026-09-21T11:53:24Z,200,235K,Match Report
fbref,https://fbref.com/en/matches/b14ccaed/Manchester-City-Liverpool-August-25-2014-Premier-League,2026-09-21T11:53:36Z,200,247K,Match Report
fbref,https://fbref.com/en/matches/73319af5/Arsenal-Manchester-City-September-13-2014-Premier-League,2026-09-21T11:53:57Z,200,238K,Match Report
fbref,https://fbref.com/en/matches/5e933fd1/Hull-City-Manchester-City-September-27-2014-Premier-League,2026-09-21T11:54:19Z,200,236K,Match Report
fbref,https://fbref.com/en/matches/08049a9c/Aston-Villa-Manchester-City-October-4-2014-Premier-League,2026-09-21T11:54:43Z,200,231K,Match Report
fbref,https://fbref.com/en/matches/32a7860d/Manchester-City-Tottenham-Hotspur-October-18-2014-Premier-League,2026-09-21T11:55:43Z,200,239K,Match Report
fbref,https://fbref.com/en/matches/e2b8bcd5/Manchester-Derby-Manchester-City-Manchester-United-November-2-2014-Premier-League,2026-09-21T11:56:50Z,200,250K,Match Report
fbref,https://fbref.com/en/matches/d99a244c/Queens-Park-Rangers-Manchester-City-November-8-2014-Premier-League,2026-09-21T11:57:07Z,200,233K,Match Report
fbref,https://fbref.com/en/matches/4be4868a/Sunderland-Manchester-City-December-3-2014-Premier-League,2026-09-21T11:58:11Z,200,233K,Match Report
fbref,https://fbref.com/en/matches/878d33b1/Stoke-City-Manchester-City-February-11-2015-Premier-League,2026-09-21T11:58:35Z,200,249K,Match Report
fbref,https://fbref.com/en/matches/44906a12/Manchester-City-Newcastle-United-February-21-2015-Premier-League,2026-09-21T11:59:15Z,200,238K,Match Report
fbref,https://fbref.com/en/matches/291102bb/Manchester-Derby-Manchester-United-Manchester-City-April-12-2015-Premier-League,2026-09-21T11:59:48Z,200,237K,Match Report
fbref,https://fbref.com/en/matches/10c8fef2/Manchester-City-West-Ham-United-April-19-2015-Premier-League,2026-09-21T12:00:53Z,200,231K,Match Report
fbref,https://fbref.com/en/matches/7b3d4f50/Manchester-City-Aston-Villa-April-25-2015-Premier-League,2026-09-21T12:03:27Z,200,233K,Match Report
fbref,https://fbref.com/en/matches/010f14e9/Tottenham-Hotspur-Manchester-City-May-3-2015-Premier-League,2026-09-21T12:05:42Z,200,248K,Match Report
fbref,https://fbref.com/en/matches/eda6f00e/Manchester-City-Queens-Park-Rangers-May-10-2015-Premier-League,2026-09-21T12:06:50Z,200,235K,Match Report
fbref,https://fbref.com/en/matches/02d31ab7/Manchester-City-Southampton-May-24-2015-Premier-League,2026-09-21T12:07:22Z,200,229K,Match Report
fbref,https://fbref.com/en/matches/cb3ba083/Manchester-City-Chelsea-August-16-2015-Premier-League,2026-09-21T12:08:20Z,200,248K,Match Report
fbref,https://fbref.com/en/matches/5ff1f57c/Manchester-City-Newcastle-United-October-3-2015-Premier-League,2026-09-21T12:09:14Z,200,252K,Match Report
fbref,https://fbref.com/en/matches/a583fe62/Manchester-City-Liverpool-November-21-2015-Premier-League,2026-09-21T12:12:28Z,200,302K,Match Report
fbref,https://fbref.com/en/matches/dc0bbe7b/Watford-Manchester-City-January-2-2016-Premier-League,2026-09-21T12:12:43Z,200,239K,Match Report
fbref,https://fbref.com/en/matches/f7537967/Manchester-City-Crystal-Palace-January-16-2016-Premier-League,2026-09-21T12:13:12Z,200,246K,Match Report
fbref,https://fbref.com/en/matches/7ec8244a/West-Ham-United-Manchester-City-January-23-2016-Premier-League,2026-09-21T12:14:17Z,200,250K,Match Report
fbref,https://fbref.com/en/matches/36f7d04e/Sunderland-Manchester-City-February-2-2016-Premier-League,2026-09-21T12:14:52Z,200,245K,Match Report
fbref,https://fbref.com/en/matches/7ffb1e98/Manchester-City-Leicester-City-February-6-2016-Premier-League,2026-09-21T12:15:16Z,200,248K,Match Report
fbref,https://fbref.com/en/matches/7d913489/Manchester-City-Aston-Villa-March-5-2016-Premier-League,2026-09-21T12:15:46Z,200,246K,Match Report
fbref,https://fbref.com/en/matches/caadab6c/Bournemouth-Manchester-City-April-2-2016-Premier-League,2026-09-21T12:16:40Z,200,245K,Match Report
fbref,https://fbref.com/en/matches/465efeb6/Manchester-City-West-Bromwich-Albion-April-9-2016-Premier-League,2026-09-21T12:17:02Z,200,242K,Match Report
fbref,https://fbref.com/en/matches/c0d9bda5/Chelsea-Manchester-City-April-16-2016-Premier-League,2026-09-21T12:17:34Z,200,249K,Match Report
fbref,https://fbref.com/en/matches/2df616f6/Newcastle-United-Manchester-City-April-19-2016-Premier-League,2026-09-21T12:18:04Z,200,247K,Match Report
fbref,https://fbref.com/en/matches/ee22b1dc/Manchester-City-Stoke-City-April-23-2016-Premier-League,2026-09-21T12:19:03Z,200,242K,Match Report
fbref,https://fbref.com/en/matches/55352594/Manchester-City-Arsenal-May-8-2016-Premier-League,2026-09-21T12:19:52Z,200,248K,Match Report
fbref,https://fbref.com/en/matches/69572f77/Manchester-City-Sunderland-August-13-2016-Premier-League,2026-09-21T12:20:47Z,200,246K,Match Report
fbref,https://fbref.com/en/matches/35ebe0a7/Stoke-City-Manchester-City-August-20-2016-Premier-League,2026-09-21T12:22:59Z,200,250K,Match Report
fbref,https://fbref.com/en/matches/71c49db4/Swansea-City-Manchester-City-September-24-2016-Premier-League,2026-09-21T12:23:26Z,200,251K,Match Report
fbref,https://fbref.com/en/matches/41199420/West-Bromwich-Albion-Manchester-City-October-29-2016-Premier-League,2026-09-21T12:24:28Z,200,252K,Match Report
fbref,https://fbref.com/en/matches/7042ceb9/Manchester-City-Middlesbrough-November-5-2016-Premier-League,2026-09-21T12:25:47Z,200,245K,Match Report
fbref,https://fbref.com/en/matches/7a31ec63/Burnley-Manchester-City-November-26-2016-Premier-League,2026-09-21T12:26:08Z,200,247K,Match Report
fbref,https://fbref.com/en/matches/0990b875/Manchester-City-Burnley-January-2-2017-Premier-League,2026-09-21T12:27:09Z,200,250K,Match Report
fbref,https://fbref.com/en/matches/5677c7ef/Sunderland-Manchester-City-March-5-2017-Premier-League,2026-09-21T12:27:49Z,200,242K,Match Report
fbref,https://fbref.com/en/matches/32b76e9e/Manchester-City-Liverpool-March-19-2017-Premier-League,2026-09-21T12:28:40Z,200,243K,Match Report
fbref,https://fbref.com/en/matches/283ef914/Arsenal-Manchester-City-April-2-2017-Premier-League,2026-09-21T12:29:11Z,200,247K,Match Report
fbref,https://fbref.com/en/matches/ef6fa9d9/Chelsea-Manchester-City-April-5-2017-Premier-League,2026-09-21T12:31:30Z,200,284K,Match Report
fbref,https://fbref.com/en/matches/14afe049/Manchester-City-Hull-City-April-8-2017-Premier-League,2026-09-21T12:32:20Z,200,247K,Match Report
fbref,https://fbref.com/en/matches/cbe56c66/Southampton-Manchester-City-April-15-2017-Premier-League,2026-09-21T12:35:21Z,200,300K,Match Report
fbref,https://fbref.com/en/matches/03fb9728/Middlesbrough-Manchester-City-April-30-2017-Premier-League,2026-09-21T12:35:52Z,200,250K,Match Report
fbref,https://fbref.com/en/matches/cecce3da/Watford-Manchester-City-May-21-2017-Premier-League,2026-09-21T12:38:53Z,200,300K,Match Report
fbref,https://fbref.com/en/matches/072bfc99/Brighton-and-Hove-Albion-Manchester-City-August-12-2017-Premier-League,2026-09-21T12:40:28Z,200,286K,Match Report
fbref,https://fbref.com/en/matches/39dcce19/Manchester-City-Liverpool-September-9-2017-Premier-League,2026-09-21T12:42:59Z,200,304K,Match Report
fbref,https://fbref.com/en/matches/f9dc0d8f/Watford-Manchester-City-September-16-2017-Premier-League,2026-09-21T12:43:52Z,200,289K,Match Report
fbref,https://fbref.com/en/matches/63496f6c/Manchester-City-Crystal-Palace-September-23-2017-Premier-League,2026-09-21T12:44:55Z,200,301K,Match Report
fbref,https://fbref.com/en/matches/11c702a4/Manchester-City-Burnley-October-21-2017-Premier-League,2026-09-21T12:45:57Z,200,301K,Match Report
fbref,https://fbref.com/en/matches/03da14dd/Manchester-City-Arsenal-November-5-2017-Premier-League,2026-09-21T12:46:55Z,200,304K,Match Report
fbref,https://fbref.com/en/matches/c150919a/Huddersfield-Town-Manchester-City-November-26-2017-Premier-League,2026-09-21T12:47:42Z,200,303K,Match Report
fbref,https://fbref.com/en/matches/f7ddcac0/Swansea-City-Manchester-City-December-13-2017-Premier-League,2026-09-21T12:48:35Z,200,286K,Match Report
fbref,https://fbref.com/en/matches/8b61dc89/Manchester-City-Bournemouth-December-23-2017-Premier-League,2026-09-21T12:49:38Z,200,287K,Match Report
fbref,https://fbref.com/en/matches/1def0427/Manchester-City-Watford-January-2-2018-Premier-League,2026-09-21T12:50:32Z,200,287K,Match Report
fbref,https://fbref.com/en/matches/d2e55b6f/Manchester-City-Newcastle-United-January-20-2018-Premier-League,2026-09-21T12:51:19Z,200,285K,Match Report
fbref,https://fbref.com/en/matches/c5500fbf/Manchester-City-West-Bromwich-Albion-January-31-2018-Premier-League,2026-09-21T12:52:18Z,200,299K,Match Report
fbref,https://fbref.com/en/matches/f9585810/Manchester-City-Leicester-City-February-10-2018-Premier-League,2026-09-21T12:53:12Z,200,305K,Match Report
fbref,https://fbref.com/en/matches/64ee90d5/Manchester-City-Huddersfield-Town-August-19-2018-Premier-League,2026-09-21T12:54:12Z,200,290K,Match Report
fbref,https://fbref.com/en/matches/41dde04a/Cardiff-City-Manchester-City-September-22-2018-Premier-League,2026-09-21T12:55:14Z,200,289K,Match Report
fbref,https://fbref.com/en/matches/d64da66e/Manchester-City-Brighton-and-Hove-Albion-September-29-2018-Premier-League,2026-09-21T12:56:07Z,200,287K,Match Report
fbref,https://fbref.com/en/matches/507786df/Manchester-City-Burnley-October-20-2018-Premier-League,2026-09-21T12:57:05Z,200,302K,Match Report
fbref,https://fbref.com/en/matches/7fcb3ecd/Manchester-City-Southampton-November-4-2018-Premier-League,2026-09-21T12:58:02Z,200,303K,Match Report
fbref,https://fbref.com/en/matches/78fdbaf6/Manchester-Derby-Manchester-City-Manchester-United-November-11-2018-Premier-League,2026-09-21T12:59:05Z,200,301K,Match Report
fbref,https://fbref.com/en/matches/75424968/Southampton-Manchester-City-December-30-2018-Premier-League,2026-09-21T13:00:07Z,200,291K,Match Report
fbref,https://fbref.com/en/matches/22b630df/Manchester-City-Liverpool-January-3-2019-Premier-League,2026-09-21T13:01:11Z,200,302K,Match Report
fbref,https://fbref.com/en/matches/d705415d/Newcastle-United-Manchester-City-January-29-2019-Premier-League,2026-09-21T13:01:59Z,200,300K,Match Report
fbref,https://fbref.com/en/matches/dba05e48/Manchester-City-Arsenal-February-3-2019-Premier-League,2026-09-21T13:03:01Z,200,298K,Match Report
fbref,https://fbref.com/en/matches/5ec57dbe/Manchester-City-Chelsea-February-10-2019-Premier-League,2026-09-21T13:03:55Z,200,290K,Match Report
fbref,https://fbref.com/en/matches/db370521/Manchester-City-West-Ham-United-February-27-2019-Premier-League,2026-09-21T13:04:32Z,200,285K,Match Report
fbref,https://fbref.com/en/matches/b5d358d9/Fulham-Manchester-City-March-30-2019-Premier-League,2026-09-21T13:05:24Z,200,286K,Match Report
fbref,https://fbref.com/en/matches/4d9c7f23/Burnley-Manchester-City-April-28-2019-Premier-League,2026-09-21T13:06:16Z,200,295K,Match Report
fbref,https://fbref.com/en/matches/13fb2984/Brighton-and-Hove-Albion-Manchester-City-May-12-2019-Premier-League,2026-09-21T13:07:02Z,200,300K,Match Report
fbref,https://fbref.com/en/matches/71c8a43e/West-Ham-United-Manchester-City-August-10-2019-Premier-League,2026-09-21T13:08:04Z,200,303K,Match Report
fbref,https://fbref.com/en/matches/a4ba771e/Manchester-City-Tottenham-Hotspur-August-17-2019-Premier-League,2026-09-21T13:09:05Z,200,300K,Match Report
fbref,https://fbref.com/en/matches/7728bd7e/Bournemouth-Manchester-City-August-25-2019-Premier-League,2026-09-21T13:10:08Z,200,289K,Match Report
fbref,https://fbref.com/en/matches/5b9865ad/Manchester-City-Brighton-and-Hove-Albion-August-31-2019-Premier-League,2026-09-21T13:11:10Z,200,301K,Match Report
fbref,https://fbref.com/en/matches/1c7bccd4/Norwich-City-Manchester-City-September-14-2019-Premier-League,2026-09-21T13:12:02Z,200,301K,Match Report
fbref,https://fbref.com/en/matches/4672d0d7/Manchester-City-Watford-September-21-2019-Premier-League,2026-09-21T13:13:13Z,200,252K,Match Report
fbref,https://fbref.com/en/matches/afbdd3aa/Manchester-City-Southampton-November-2-2019-Premier-League,2026-09-21T13:13:48Z,200,246K,Match Report
fbref,https://fbref.com/en/matches/aaada016/Manchester-City-Sheffield-United-December-29-2019-Premier-League,2026-09-21T13:14:08Z,200,244K,Match Report
fbref,https://fbref.com/en/matches/ffb4946c/Aston-Villa-Manchester-City-January-12-2020-Premier-League,2026-09-21T13:14:51Z,200,250K,Match Report
fbref,https://fbref.com/en/matches/4572cd0e/Manchester-City-Crystal-Palace-January-18-2020-Premier-League,2026-09-21T13:15:02Z,200,245K,Match Report
fbref,https://fbref.com/en/matches/ae7cb0c2/Sheffield-United-Manchester-City-January-21-2020-Premier-League,2026-09-21T13:15:15Z,200,248K,Match Report
fbref,https://fbref.com/en/matches/279b0eb5/Fulham-Manchester-City-March-13-2021-Premier-League,2026-09-21T13:16:00Z,200,241K,Match Report
fbref,https://fbref.com/en/matches/bf22075a/Crystal-Palace-Manchester-City-May-1-2021-Premier-League,2026-09-21T13:16:15Z,200,239K,Match Report
fbref,https://fbref.com/en/matches/12d3970f/Manchester-City-Everton-May-23-2021-Premier-League,2026-09-21T13:16:52Z,200,249K,Match Report
fbref,https://fbref.com/en/players/268df6b1/matchlogs/1995-1996/Frank-Lampard-Match-Logs,2026-09-21T13:17:07Z,200,187K,Frank Lampard 1995-1996
fbref,https://fbref.com/en/players/268df6b1/matchlogs/1996-1997/Frank-Lampard-Match-Logs,2026-09-21T13:17:31Z,200,215K,Frank Lampard 1996-1997
fbref,https://fbref.com/en/players/268df6b1/matchlogs/1997-1998/summary/Frank-Lampard-Match-Logs,2026-09-21T13:18:28Z,200,251K,Frank Lampard 1997-1998
fbref,https://fbref.com/en/players/268df6b1/matchlogs/1998-1999/Frank-Lampard-Match-Logs,2026-09-21T13:18:36Z,200,263K,Frank Lampard 1998-1999
fbref,https://fbref.com/en/players/268df6b1/matchlogs/1999-2000/Frank-Lampard-Match-Logs,2026-09-21T13:18:44Z,200,267K,Frank Lampard 1999-2000
fbref,https://fbref.com/en/players/268df6b1/matchlogs/2000-2001/Frank-Lampard-Match-Logs,2026-09-21T13:19:00Z,200,249K,Frank Lampard 2000-2001
fbref,https://fbref.com/en/players/268df6b1/matchlogs/2001-2002/Frank-Lampard-Match-Logs,2026-09-21T13:19:16Z,200,270K,Frank Lampard 2001-2002
fbref,https://fbref.com/en/players/268df6b1/matchlogs/2002-2003/summary/Frank-Lampard-Match-Logs,2026-09-21T13:20:18Z,200,270K,Frank Lampard 2002-2003
fbref,https://fbref.com/en/players/268df6b1/matchlogs/2003-2004/Frank-Lampard-Match-Logs,2026-09-21T13:20:25Z,200,307K,Frank Lampard 2003-2004
fbref,https://fbref.com/en/players/268df6b1/matchlogs/2004-2005/Frank-Lampard-Match-Logs,2026-09-21T13:20:49Z,200,310K,Frank Lampard 2004-2005
fbref,https://fbref.com/en/players/268df6b1/matchlogs/2005-2006/Frank-Lampard-Match-Logs,2026-09-21T13:22:07Z,200,296K,Frank Lampard 2005-2006
fbref,https://fbref.com/en/players/268df6b1/matchlogs/2006-2007/Frank-Lampard-Match-Logs,2026-09-21T13:22:32Z,200,306K,Frank Lampard 2006-2007
fbref,https://fbref.com/en/players/268df6b1/matchlogs/2007-2008/Frank-Lampard-Match-Logs,2026-09-21T13:22:49Z,200,233K,Frank Lampard 2007-2008
fbref,https://fbref.com/en/players/268df6b1/matchlogs/2008-2009/Frank-Lampard-Match-Logs,2026-09-21T13:23:24Z,200,305K,Frank Lampard 2008-2009
fbref,https://fbref.com/en/players/268df6b1/matchlogs/2009-2010/summary/Frank-Lampard-Match-Logs,2026-09-21T13:25:31Z,200,296K,Frank Lampard 2009-2010
fbref,https://fbref.com/en/players/268df6b1/matchlogs/2010-2011/summary/Frank-Lampard-Match-Logs,2026-09-21T13:27:29Z,200,251K,Frank Lampard 2010-2011
fbref,https://fbref.com/en/players/268df6b1/matchlogs/2011-2012/Frank-Lampard-Match-Logs,2026-09-21T13:27:42Z,200,294K,Frank Lampard 2011-2012
fbref,https://fbref.com/en/players/268df6b1/matchlogs/2012-2013/Frank-Lampard-Match-Logs,2026-09-21T13:28:09Z,200,285K,Frank Lampard 2012-2013
fbref,https://fbref.com/en/players/268df6b1/matchlogs/2013-2014/Frank-Lampard-Match-Logs,2026-09-21T13:28:36Z,200,303K,Frank Lampard 2013-2014
fbref,https://fbref.com/en/players/268df6b1/matchlogs/2014-2015/Frank-Lampard-Match-Logs,2026-09-21T13:28:50Z,200,274K,Frank Lampard 2014-2015
fbref,https://fbref.com/en/matches/fa3768a6/Barnsley-West-Ham-United-August-9-1997-Premier-League,2026-09-21T13:29:10Z,200,227K,Match Report
fbref,https://fbref.com/en/matches/fd446e5d/Leeds-United-West-Ham-United-November-23-1997-Premier-League,2026-09-21T13:29:20Z,200,219K,Match Report
fbref,https://fbref.com/en/matches/9b79ef84/West-Ham-United-Barnsley-January-10-1998-Premier-League,2026-09-21T13:29:37Z,200,228K,Match Report
fbref,https://fbref.com/en/matches/aeab402d/Crystal-Palace-West-Ham-United-May-5-1998-Premier-League,2026-09-21T13:29:47Z,200,224K,Match Report
fbref,https://fbref.com/en/matches/23b0bb5d/West-Ham-United-Leicester-City-May-10-1998-Premier-League,2026-09-21T13:30:21Z,200,226K,Match Report
fbref,https://fbref.com/en/matches/7bcde4bd/West-Ham-United-Leicester-City-November-14-1998-Premier-League,2026-09-21T13:30:38Z,200,224K,Match Report
fbref,https://fbref.com/en/matches/21c2cb61/West-Ham-United-Nottingham-Forest-February-13-1999-Premier-League,2026-09-21T13:30:53Z,200,227K,Match Report
fbref,https://fbref.com/en/matches/3c628ea8/Liverpool-West-Ham-United-February-20-1999-Premier-League,2026-09-21T13:31:08Z,200,225K,Match Report
fbref,https://fbref.com/en/matches/fe0bc033/West-Ham-United-Middlesbrough-May-16-1999-Premier-League,2026-09-21T13:31:24Z,200,224K,Match Report
fbref,https://fbref.com/en/matches/d39539f7/West-Ham-United-Tottenham-Hotspur-August-7-1999-Premier-League,2026-09-21T13:32:11Z,200,224K,Match Report
fbref,https://fbref.com/en/matches/5cd40c95/West-Ham-United-Sheffield-Wednesday-November-21-1999-Premier-League,2026-09-21T13:32:20Z,200,223K,Match Report
fbref,https://fbref.com/en/matches/a76dcae7/Wimbledon-West-Ham-United-December-26-1999-Premier-League,2026-09-21T13:32:35Z,200,217K,Match Report
fbref,https://fbref.com/en/matches/b9259fe2/Newcastle-United-West-Ham-United-January-3-2000-Premier-League,2026-09-21T13:32:46Z,200,223K,Match Report
fbref,https://fbref.com/en/matches/ffe4c911/Southampton-West-Ham-United-February-5-2000-Premier-League,2026-09-21T13:32:59Z,200,222K,Match Report
fbref,https://fbref.com/en/matches/0e87e234/West-Ham-United-Bradford-City-February-12-2000-Premier-League,2026-09-21T13:33:11Z,200,224K,Match Report
fbref,https://fbref.com/en/matches/8c5db4e6/Sheffield-Wednesday-West-Ham-United-March-11-2000-Premier-League,2026-09-21T13:33:18Z,200,222K,Match Report
fbref,https://fbref.com/en/matches/8bf0fbf1/Coventry-City-West-Ham-United-September-23-2000-Premier-League,2026-09-21T13:34:22Z,200,283K,Match Report
fbref,https://fbref.com/en/matches/874c6e36/West-Ham-United-Charlton-Athletic-December-26-2000-Premier-League,2026-09-21T13:34:53Z,200,229K,Match Report
fbref,https://fbref.com/en/matches/f173624c/Bradford-City-West-Ham-United-February-24-2001-Premier-League,2026-09-21T13:35:19Z,200,225K,Match Report
fbref,https://fbref.com/en/matches/b83d43a6/Aston-Villa-West-Ham-United-April-7-2001-Premier-League,2026-09-21T13:35:29Z,200,225K,Match Report
fbref,https://fbref.com/en/matches/67349451/West-Ham-United-Derby-County-April-14-2001-Premier-League,2026-09-21T13:35:40Z,200,221K,Match Report
fbref,https://fbref.com/en/matches/fad4fbcf/Newcastle-United-West-Ham-United-April-16-2001-Premier-League,2026-09-21T13:36:34Z,200,230K,Match Report
fbref,https://fbref.com/en/matches/3d922e1a/Chelsea-Bolton-Wanderers-December-23-2001-Premier-League,2026-09-21T13:36:41Z,200,231K,Match Report
fbref,https://fbref.com/en/matches/6f8d08ef/North-West-London-Derby-Arsenal-Chelsea-December-26-2001-Premier-League,2026-09-21T13:37:09Z,200,228K,Match Report
fbref,https://fbref.com/en/matches/84091775/Aston-Villa-Chelsea-February-9-2002-Premier-League,2026-09-21T13:37:41Z,200,226K,Match Report
fbref,https://fbref.com/en/matches/550027c7/Charlton-Athletic-Chelsea-March-2-2002-Premier-League,2026-09-21T13:37:49Z,200,227K,Match Report
fbref,https://fbref.com/en/matches/adca8ea9/Chelsea-Tottenham-Hotspur-March-13-2002-Premier-League,2026-09-21T13:37:59Z,200,229K,Match Report
fbref,https://fbref.com/en/matches/70d8c06c/Charlton-Athletic-Chelsea-August-17-2002-Premier-League,2026-09-21T13:38:08Z,200,230K,Match Report
fbref,https://fbref.com/en/matches/45451213/Southampton-Chelsea-August-28-2002-Premier-League,2026-09-21T13:38:14Z,200,223K,Match Report
fbref,https://fbref.com/en/matches/fda09c91/Chelsea-Aston-Villa-December-21-2002-Premier-League,2026-09-21T13:38:27Z,200,226K,Match Report
fbref,https://fbref.com/en/matches/3779ecfb/Chelsea-Leeds-United-January-28-2003-Premier-League,2026-09-21T13:38:47Z,200,225K,Match Report
fbref,https://fbref.com/en/matches/c228814e/Newcastle-United-Chelsea-March-1-2003-Premier-League,2026-09-21T13:39:30Z,200,228K,Match Report
fbref,https://fbref.com/en/matches/c5ff1f94/Chelsea-Manchester-City-March-22-2003-Premier-League,2026-09-21T13:40:25Z,200,231K,Match Report
fbref,https://fbref.com/en/matches/951e9c51/Chelsea-Tottenham-Hotspur-September-13-2003-Premier-League,2026-09-21T13:41:22Z,200,231K,Match Report
fbref,https://fbref.com/en/matches/5513666c/Wolverhampton-Wanderers-Chelsea-September-20-2003-Premier-League,2026-09-21T13:41:30Z,200,227K,Match Report
fbref,https://fbref.com/en/matches/00d368bf/Chelsea-Newcastle-United-November-9-2003-Premier-League,2026-09-21T13:42:23Z,200,227K,Match Report
fbref,https://fbref.com/en/matches/6c68fc57/Chelsea-Manchester-United-November-30-2003-Premier-League,2026-09-21T13:42:36Z,200,222K,Match Report
fbref,https://fbref.com/en/matches/b6ef8696/Chelsea-Portsmouth-December-28-2003-Premier-League,2026-09-21T13:42:42Z,200,219K,Match Report
fbref,https://fbref.com/en/matches/15d18305/Blackburn-Rovers-Chelsea-February-1-2004-Premier-League,2026-09-21T13:42:48Z,200,227K,Match Report
fbref,https://fbref.com/en/matches/89a90e5c/Chelsea-Wolverhampton-Wanderers-March-27-2004-Premier-League,2026-09-21T13:43:21Z,200,231K,Match Report
fbref,https://fbref.com/en/matches/fe17926b/Chelsea-Southampton-May-1-2004-Premier-League,2026-09-21T13:43:38Z,200,227K,Match Report
fbref,https://fbref.com/en/matches/845df0a2/Chelsea-Southampton-August-28-2004-Premier-League,2026-09-21T13:43:56Z,200,226K,Match Report
fbref,https://fbref.com/en/matches/22c65984/West-Bromwich-Albion-Chelsea-October-30-2004-Premier-League,2026-09-21T13:44:06Z,200,229K,Match Report
fbref,https://fbref.com/en/matches/d77aa891/Fulham-Chelsea-November-13-2004-Premier-League,2026-09-21T13:44:28Z,200,224K,Match Report
fbref,https://fbref.com/en/matches/11ab7383/Chelsea-Newcastle-United-December-4-2004-Premier-League,2026-09-21T13:45:04Z,200,223K,Match Report
fbref,https://fbref.com/en/matches/b7f577f9/Chelsea-Norwich-City-December-18-2004-Premier-League,2026-09-21T13:45:40Z,200,225K,Match Report
fbref,https://fbref.com/en/matches/05bb40ac/Tottenham-Hotspur-Chelsea-January-15-2005-Premier-League,2026-09-21T13:46:02Z,200,226K,Match Report
fbref,https://fbref.com/en/matches/68925ea3/Chelsea-Crystal-Palace-March-19-2005-Premier-League,2026-09-21T13:46:15Z,200,229K,Match Report
fbref,https://fbref.com/en/matches/7f3a8954/Southampton-Chelsea-April-2-2005-Premier-League,2026-09-21T13:46:35Z,200,225K,Match Report
fbref,https://fbref.com/en/matches/a85accfd/Chelsea-Fulham-April-23-2005-Premier-League,2026-09-21T13:46:53Z,200,223K,Match Report
fbref,https://fbref.com/en/matches/820ea6ef/Bolton-Wanderers-Chelsea-April-30-2005-Premier-League,2026-09-21T13:47:13Z,200,226K,Match Report
fbref,https://fbref.com/en/matches/3dc4e01b/Newcastle-United-Chelsea-May-15-2005-Premier-League,2026-09-21T13:47:53Z,200,223K,Match Report
fbref,https://fbref.com/en/matches/80406452/Chelsea-West-Bromwich-Albion-August-24-2005-Premier-League,2026-09-21T13:48:12Z,200,226K,Match Report
fbref,https://fbref.com/en/matches/ccb2d84f/Chelsea-Aston-Villa-September-24-2005-Premier-League,2026-09-21T13:48:21Z,200,227K,Match Report
fbref,https://fbref.com/en/matches/dde162a8/Liverpool-Chelsea-October-2-2005-Premier-League,2026-09-21T13:48:37Z,200,229K,Match Report
fbref,https://fbref.com/en/matches/242b5501/Chelsea-Bolton-Wanderers-October-15-2005-Premier-League,2026-09-21T13:49:03Z,200,231K,Match Report
fbref,https://fbref.com/en/matches/db73e18b/Everton-Chelsea-October-23-2005-Premier-League,2026-09-21T13:49:24Z,200,226K,Match Report
fbref,https://fbref.com/en/matches/26734e04/Chelsea-Blackburn-Rovers-October-29-2005-Premier-League,2026-09-21T13:49:39Z,200,230K,Match Report
fbref,https://fbref.com/en/matches/a445acef/Portsmouth-Chelsea-November-26-2005-Premier-League,2026-09-21T13:49:52Z,200,224K,Match Report
fbref,https://fbref.com/en/matches/3f1467dc/Chelsea-Fulham-December-26-2005-Premier-League,2026-09-21T13:51:13Z,200,227K,Match Report
fbref,https://fbref.com/en/matches/4262e5d8/West-Ham-United-Chelsea-January-2-2006-Premier-League,2026-09-21T13:51:28Z,200,226K,Match Report
fbref,https://fbref.com/en/matches/df54ff10/Chelsea-Portsmouth-February-25-2006-Premier-League,2026-09-21T13:51:40Z,200,224K,Match Report
fbref,https://fbref.com/en/matches/84ad8fdd/Bolton-Wanderers-Chelsea-April-15-2006-Premier-League,2026-09-21T13:51:51Z,200,227K,Match Report
fbref,https://fbref.com/en/matches/c39bef9f/Chelsea-Everton-April-17-2006-Premier-League,2026-09-21T13:52:14Z,200,226K,Match Report
fbref,https://fbref.com/en/matches/81f670ca/Chelsea-Manchester-City-August-20-2006-Premier-League,2026-09-21T13:52:48Z,200,228K,Match Report
fbref,https://fbref.com/en/matches/a0d1efc3/Blackburn-Rovers-Chelsea-August-27-2006-Premier-League,2026-09-21T13:53:18Z,200,221K,Match Report
fbref,https://fbref.com/en/matches/e38ddd70/Fulham-Chelsea-September-23-2006-Premier-League,2026-09-21T13:53:40Z,200,223K,Match Report
fbref,https://fbref.com/en/matches/5b6ddd99/Sheffield-United-Chelsea-October-28-2006-Premier-League,2026-09-21T13:54:37Z,200,226K,Match Report
fbref,https://fbref.com/en/matches/19928388/Everton-Chelsea-December-17-2006-Premier-League,2026-09-21T13:56:01Z,200,226K,Match Report
fbref,https://fbref.com/en/matches/ece44055/Wigan-Athletic-Chelsea-December-23-2006-Premier-League,2026-09-21T13:57:29Z,200,230K,Match Report
fbref,https://fbref.com/en/matches/dc22f825/Chelsea-Wigan-Athletic-January-13-2007-Premier-League,2026-09-21T13:58:00Z,200,228K,Match Report
fbref,https://fbref.com/en/matches/75659161/Chelsea-Blackburn-Rovers-January-31-2007-Premier-League,2026-09-21T13:58:27Z,200,227K,Match Report
fbref,https://fbref.com/en/matches/75188b3f/Charlton-Athletic-Chelsea-February-3-2007-Premier-League,2026-09-21T13:58:36Z,200,225K,Match Report
fbref,https://fbref.com/en/matches/c3b72778/Manchester-City-Chelsea-March-14-2007-Premier-League,2026-09-21T13:58:45Z,200,223K,Match Report
fbref,https://fbref.com/en/matches/fc11c87e/Reading-Chelsea-August-15-2007-Premier-League,2026-09-21T13:58:56Z,200,228K,Match Report
fbref,https://fbref.com/en/matches/b60e1b67/Liverpool-Chelsea-August-19-2007-Premier-League,2026-09-21T13:59:23Z,200,226K,Match Report
fbref,https://fbref.com/en/matches/471ee725/Chelsea-Portsmouth-August-25-2007-Premier-League,2026-09-21T14:00:08Z,200,224K,Match Report
fbref,https://fbref.com/en/matches/8df224fb/Wigan-Athletic-Chelsea-November-3-2007-Premier-League,2026-09-21T14:02:25Z,200,221K,Match Report
fbref,https://fbref.com/en/matches/2e8d9065/Chelsea-Sunderland-December-8-2007-Premier-League,2026-09-21T14:02:38Z,200,222K,Match Report
fbref,https://fbref.com/en/matches/c77d7a1f/West-Ham-United-Chelsea-March-1-2008-Premier-League,2026-09-21T14:02:49Z,200,228K,Match Report
fbref,https://fbref.com/en/matches/7b1b101b/Chelsea-Derby-County-March-12-2008-Premier-League,2026-09-21T14:03:51Z,200,233K,Match Report
fbref,https://fbref.com/en/matches/1fce316b/Chelsea-Portsmouth-August-17-2008-Premier-League,2026-09-21T14:04:28Z,200,225K,Match Report
fbref,https://fbref.com/en/matches/323b0b2d/Manchester-City-Chelsea-September-13-2008-Premier-League,2026-09-21T14:04:42Z,200,229K,Match Report
fbref,https://fbref.com/en/matches/3301f583/Middlesbrough-Chelsea-October-18-2008-Premier-League,2026-09-21T14:05:09Z,200,231K,Match Report
fbref,https://fbref.com/en/matches/2ac59dd9/Hull-City-Chelsea-October-29-2008-Premier-League,2026-09-21T14:05:16Z,200,227K,Match Report
fbref,https://fbref.com/en/matches/f2e6a2de/Chelsea-Sunderland-November-1-2008-Premier-League,2026-09-21T14:05:35Z,200,229K,Match Report
fbref,https://fbref.com/en/matches/8d9c9c8a/Chelsea-West-Bromwich-Albion-December-26-2008-Premier-League,2026-09-21T14:05:59Z,200,226K,Match Report
fbref,https://fbref.com/en/matches/77f6219f/Fulham-Chelsea-December-28-2008-Premier-League,2026-09-21T14:06:19Z,200,228K,Match Report
fbref,https://fbref.com/en/matches/e9d5005b/Chelsea-Stoke-City-January-17-2009-Premier-League,2026-09-21T14:06:40Z,200,227K,Match Report
fbref,https://fbref.com/en/matches/0286e7ce/Chelsea-Wigan-Athletic-February-28-2009-Premier-League,2026-09-21T14:06:47Z,200,222K,Match Report
fbref,https://fbref.com/en/matches/52201176/Newcastle-United-Chelsea-April-4-2009-Premier-League,2026-09-21T14:06:54Z,200,223K,Match Report
fbref,https://fbref.com/en/matches/6d4df718/Chelsea-Bolton-Wanderers-April-11-2009-Premier-League,2026-09-21T14:07:39Z,200,229K,Match Report
fbref,https://fbref.com/en/matches/bbea5b2a/Sunderland-Chelsea-August-18-2009-Premier-League,2026-09-21T14:08:12Z,200,229K,Match Report
fbref,https://fbref.com/en/matches/7bc8448b/Chelsea-Blackburn-Rovers-October-24-2009-Premier-League,2026-09-21T14:08:52Z,200,232K,Match Report
fbref,https://fbref.com/en/matches/10b81ac7/Bolton-Wanderers-Chelsea-October-31-2009-Premier-League,2026-09-21T14:09:46Z,200,223K,Match Report
fbref,https://fbref.com/en/matches/2e6ea1f9/Chelsea-Portsmouth-December-16-2009-Premier-League,2026-09-21T14:10:21Z,200,228K,Match Report
fbref,https://fbref.com/en/matches/95a14b8e/West-Ham-United-Chelsea-December-20-2009-Premier-League,2026-09-21T14:10:51Z,200,223K,Match Report
fbref,https://fbref.com/en/matches/7c44d28a/Chelsea-Sunderland-January-16-2010-Premier-League,2026-09-21T14:11:34Z,200,230K,Match Report
fbref,https://fbref.com/en/matches/4a56eee7/Chelsea-Birmingham-City-January-27-2010-Premier-League,2026-09-21T14:12:09Z,200,224K,Match Report
fbref,https://fbref.com/en/matches/41292b2c/Chelsea-Manchester-City-February-27-2010-Premier-League,2026-09-21T14:12:30Z,200,233K,Match Report
fbref,https://fbref.com/en/matches/60b3ccf4/Portsmouth-Chelsea-March-24-2010-Premier-League,2026-09-21T14:13:58Z,200,230K,Match Report
fbref,https://fbref.com/en/matches/435f3a8e/Chelsea-Aston-Villa-March-27-2010-Premier-League,2026-09-21T14:14:19Z,200,233K,Match Report
fbref,https://fbref.com/en/matches/a7244982/Tottenham-Hotspur-Chelsea-April-17-2010-Premier-League,2026-09-21T14:14:41Z,200,227K,Match Report
fbref,https://fbref.com/en/matches/eac4510e/Chelsea-Stoke-City-April-25-2010-Premier-League,2026-09-21T14:15:51Z,200,233K,Match Report
fbref,https://fbref.com/en/matches/87f6870b/Liverpool-Chelsea-May-2-2010-Premier-League,2026-09-21T14:16:35Z,200,224K,Match Report
fbref,https://fbref.com/en/matches/74233f6c/Chelsea-Wigan-Athletic-May-9-2010-Premier-League,2026-09-21T14:17:23Z,200,233K,Match Report
fbref,https://fbref.com/en/matches/d24b45a4/Chelsea-West-Bromwich-Albion-August-14-2010-Premier-League,2026-09-21T14:17:59Z,200,231K,Match Report
fbref,https://fbref.com/en/matches/e8f1b22b/Chelsea-Aston-Villa-January-2-2011-Premier-League,2026-09-21T14:19:03Z,200,226K,Match Report
fbref,https://fbref.com/en/matches/97bda560/Sunderland-Chelsea-February-1-2011-Premier-League,2026-09-21T14:19:33Z,200,228K,Match Report
fbref,https://fbref.com/en/matches/2fe04a34/Blackpool-Chelsea-March-7-2011-Premier-League,2026-09-21T14:20:37Z,200,229K,Match Report
fbref,https://fbref.com/en/matches/8afd1169/West-Bromwich-Albion-Chelsea-April-16-2011-Premier-League,2026-09-21T14:21:21Z,200,229K,Match Report
fbref,https://fbref.com/en/matches/25a84f2c/Chelsea-West-Ham-United-April-23-2011-Premier-League,2026-09-21T14:23:19Z,200,228K,Match Report
fbref,https://fbref.com/en/matches/5bc94900/Chelsea-Tottenham-Hotspur-April-30-2011-Premier-League,2026-09-21T14:23:37Z,200,228K,Match Report
fbref,https://fbref.com/en/matches/b4f521d9/Manchester-United-Chelsea-May-8-2011-Premier-League,2026-09-21T14:24:27Z,200,226K,Match Report
fbref,https://fbref.com/en/matches/67471b0c/Chelsea-Norwich-City-August-27-2011-Premier-League,2026-09-21T14:24:58Z,200,230K,Match Report
fbref,https://fbref.com/en/matches/63b80077/Bolton-Wanderers-Chelsea-October-2-2011-Premier-League,2026-09-21T14:26:26Z,200,231K,Match Report
fbref,https://fbref.com/en/matches/4b62e0c8/North-West-London-Derby-Chelsea-Arsenal-October-29-2011-Premier-League,2026-09-21T14:27:23Z,200,233K,Match Report
fbref,https://fbref.com/en/matches/50410ba2/Blackburn-Rovers-Chelsea-November-5-2011-Premier-League,2026-09-21T14:27:38Z,200,223K,Match Report
fbref,https://fbref.com/en/matches/81122a47/Chelsea-Manchester-City-December-12-2011-Premier-League,2026-09-21T14:28:08Z,200,229K,Match Report
fbref,https://fbref.com/en/matches/afafba3f/Wolverhampton-Wanderers-Chelsea-January-2-2012-Premier-League,2026-09-21T14:28:52Z,200,224K,Match Report
fbref,https://fbref.com/en/matches/5b05eeb9/Chelsea-Sunderland-January-14-2012-Premier-League,2026-09-21T14:29:06Z,200,224K,Match Report
fbref,https://fbref.com/en/matches/75997a1a/Chelsea-Bolton-Wanderers-February-25-2012-Premier-League,2026-09-21T14:29:17Z,200,225K,Match Report
fbref,https://fbref.com/en/matches/ae3d4e72/Fulham-Chelsea-April-9-2012-Premier-League,2026-09-21T14:29:33Z,200,224K,Match Report
fbref,https://fbref.com/en/matches/7455931a/Wigan-Athletic-Chelsea-August-19-2012-Premier-League,2026-09-21T14:29:42Z,200,229K,Match Report
fbref,https://fbref.com/en/matches/140f16f5/Chelsea-Reading-August-22-2012-Premier-League,2026-09-21T14:30:00Z,200,232K,Match Report
fbref,https://fbref.com/en/matches/9532ae11/Chelsea-Norwich-City-October-6-2012-Premier-League,2026-09-21T14:31:11Z,200,230K,Match Report
fbref,https://fbref.com/en/matches/f413452c/Chelsea-Aston-Villa-December-23-2012-Premier-League,2026-09-21T14:32:41Z,200,232K,Match Report
fbref,https://fbref.com/en/matches/3f4f55fe/Everton-Chelsea-December-30-2012-Premier-League,2026-09-21T14:33:02Z,200,228K,Match Report
fbref,https://fbref.com/en/matches/5e786139/Stoke-City-Chelsea-January-12-2013-Premier-League,2026-09-21T14:34:13Z,200,228K,Match Report
fbref,https://fbref.com/en/matches/84f8690d/North-West-London-Derby-Chelsea-Arsenal-January-20-2013-Premier-League,2026-09-21T14:35:13Z,200,226K,Match Report
fbref,https://fbref.com/en/matches/8d8d15ce/Reading-Chelsea-January-30-2013-Premier-League,2026-09-21T14:36:12Z,200,226K,Match Report
fbref,https://fbref.com/en/matches/cb8c891d/Newcastle-United-Chelsea-February-2-2013-Premier-League,2026-09-21T14:36:43Z,200,223K,Match Report
fbref,https://fbref.com/en/matches/c32992b0/Chelsea-Wigan-Athletic-February-9-2013-Premier-League,2026-09-21T14:36:55Z,200,227K,Match Report
fbref,https://fbref.com/en/matches/eb118713/Chelsea-West-Ham-United-March-17-2013-Premier-League,2026-09-21T14:37:13Z,200,227K,Match Report
fbref,https://fbref.com/en/matches/bbe6bc53/Chelsea-Swansea-City-April-28-2013-Premier-League,2026-09-21T14:37:24Z,200,222K,Match Report
fbref,https://fbref.com/en/matches/75362712/Aston-Villa-Chelsea-May-11-2013-Premier-League,2026-09-21T14:37:35Z,200,223K,Match Report
fbref,https://fbref.com/en/matches/c5a0c463/Chelsea-Hull-City-August-18-2013-Premier-League,2026-09-21T14:37:56Z,200,228K,Match Report
fbref,https://fbref.com/en/matches/b256a4e9/West-Ham-United-Chelsea-November-23-2013-Premier-League,2026-09-21T14:38:05Z,200,227K,Match Report
fbref,https://fbref.com/en/matches/b9f68932/Sunderland-Chelsea-December-4-2013-Premier-League,2026-09-21T14:38:55Z,200,237K,Match Report
fbref,https://fbref.com/en/matches/9ff27751/Chelsea-Everton-February-22-2014-Premier-League,2026-09-21T14:39:04Z,200,228K,Match Report
fbref,https://fbref.com/en/matches/6fdc72d5/Manchester-City-Chelsea-September-21-2014-Premier-League,2026-09-21T14:39:34Z,200,238K,Match Report
fbref,https://fbref.com/en/matches/e78406e7/Southampton-Manchester-City-November-30-2014-Premier-League,2026-09-21T14:40:10Z,200,214K,Match Report
fbref,https://fbref.com/en/matches/f8a472eb/Leicester-City-Manchester-City-December-13-2014-Premier-League,2026-09-21T14:40:17Z,200,233K,Match Report
fbref,https://fbref.com/en/matches/d4026ec6/Manchester-City-Sunderland-January-1-2015-Premier-League,2026-09-21T14:40:51Z,200,237K,Match Report
fbref,https://fbref.com/en/players/c0c5ee74/matchlogs/1999-2000/summary/Thierry-Henry-Match-Logs,2026-09-21T14:42:02Z,200,271K,Thierry Henry 1999-2000
fbref,https://fbref.com/en/players/c0c5ee74/matchlogs/2000-2001/summary/Thierry-Henry-Match-Logs,2026-09-21T14:45:05Z,200,285K,Thierry Henry 2000-2001
fbref,https://fbref.com/en/players/c0c5ee74/matchlogs/2001-2002/Thierry-Henry-Match-Logs,2026-09-21T14:45:13Z,200,287K,Thierry Henry 2001-2002
fbref,https://fbref.com/en/players/c0c5ee74/matchlogs/2002-2003/Thierry-Henry-Match-Logs,2026-09-21T14:45:35Z,200,302K,Thierry Henry 2002-2003
fbref,https://fbref.com/en/players/c0c5ee74/matchlogs/2003-2004/Thierry-Henry-Match-Logs,2026-09-21T14:46:36Z,200,294K,Thierry Henry 2003-2004
fbref,https://fbref.com/en/players/c0c5ee74/matchlogs/2004-2005/summary/Thierry-Henry-Match-Logs,2026-09-21T14:48:18Z,200,259K,Thierry Henry 2004-2005
fbref,https://fbref.com/en/players/c0c5ee74/matchlogs/2005-2006/Thierry-Henry-Match-Logs,2026-09-21T14:48:24Z,200,291K,Thierry Henry 2005-2006
fbref,https://fbref.com/en/players/c0c5ee74/matchlogs/2006-2007/summary/Thierry-Henry-Match-Logs,2026-09-21T14:48:53Z,200,231K,Thierry Henry 2006-2007
fbref,https://fbref.com/en/players/c0c5ee74/matchlogs/2011-2012/summary/Thierry-Henry-Match-Logs,2026-09-21T14:52:14Z,200,231K,Thierry Henry 2011-2012
fbref,https://fbref.com/en/matches/bd1dfbe4/Southampton-Arsenal-September-18-1999-Premier-League,2026-09-21T14:52:24Z,200,225K,Match Report
fbref,https://fbref.com/en/matches/46171b25/Arsenal-Derby-County-November-28-1999-Premier-League,2026-09-21T14:52:38Z,200,227K,Match Report
fbref,https://fbref.com/en/matches/00622fd3/Arsenal-Wimbledon-December-18-1999-Premier-League,2026-09-21T14:53:51Z,200,221K,Match Report
fbref,https://fbref.com/en/matches/da8a7c36/Arsenal-Leeds-United-December-28-1999-Premier-League,2026-09-21T14:54:20Z,200,223K,Match Report
fbref,https://fbref.com/en/matches/4576009b/Arsenal-Sunderland-January-15-2000-Premier-League,2026-09-21T14:54:25Z,200,226K,Match Report
fbref,https://fbref.com/en/matches/ec2584e0/Bradford-City-Arsenal-February-5-2000-Premier-League,2026-09-21T14:54:37Z,200,220K,Match Report
fbref,https://fbref.com/en/matches/876f1553/North-London-Derby-Arsenal-Tottenham-Hotspur-March-19-2000-Premier-League,2026-09-21T14:54:43Z,200,228K,Match Report
fbref,https://fbref.com/en/matches/1466be7f/Arsenal-Coventry-City-March-26-2000-Premier-League,2026-09-21T14:54:54Z,200,227K,Match Report
fbref,https://fbref.com/en/matches/826cc3bb/Wimbledon-Arsenal-April-1-2000-Premier-League,2026-09-21T14:54:59Z,200,229K,Match Report
fbref,https://fbref.com/en/matches/ff1e1feb/Leeds-United-Arsenal-April-16-2000-Premier-League,2026-09-21T14:55:06Z,200,226K,Match Report
fbref,https://fbref.com/en/matches/8a42b9d5/Watford-Arsenal-April-23-2000-Premier-League,2026-09-21T14:55:16Z,200,224K,Match Report
fbref,https://fbref.com/en/matches/a4d84f1c/North-West-London-Derby-Arsenal-Chelsea-May-6-2000-Premier-League,2026-09-21T14:55:33Z,200,229K,Match Report
fbref,https://fbref.com/en/matches/322f9fd2/Arsenal-Sheffield-Wednesday-May-9-2000-Premier-League,2026-09-21T14:55:40Z,200,230K,Match Report
fbref,https://fbref.com/en/matches/c59a2f54/Arsenal-Liverpool-August-21-2000-Premier-League,2026-09-21T14:55:49Z,200,223K,Match Report
fbref,https://fbref.com/en/matches/4f7b582b/Arsenal-Charlton-Athletic-August-26-2000-Premier-League,2026-09-21T14:55:56Z,200,227K,Match Report
fbref,https://fbref.com/en/matches/90da567e/North-West-London-Derby-Chelsea-Arsenal-September-6-2000-Premier-League,2026-09-21T14:56:02Z,200,228K,Match Report
fbref,https://fbref.com/en/matches/100fd751/Arsenal-Manchester-United-October-1-2000-Premier-League,2026-09-21T14:56:10Z,200,220K,Match Report
fbref,https://fbref.com/en/matches/41de5508/Arsenal-Aston-Villa-October-14-2000-Premier-League,2026-09-21T14:56:24Z,200,223K,Match Report
fbref,https://fbref.com/en/matches/f70c2a5a/Arsenal-Manchester-City-October-28-2000-Premier-League,2026-09-21T14:56:29Z,200,227K,Match Report
fbref,https://fbref.com/en/matches/58cc945f/Middlesbrough-Arsenal-November-4-2000-Premier-League,2026-09-21T14:56:44Z,200,219K,Match Report
fbref,https://fbref.com/en/matches/bdae2b82/Arsenal-Newcastle-United-December-9-2000-Premier-League,2026-09-21T14:56:57Z,200,229K,Match Report
fbref,https://fbref.com/en/matches/6a30ecb6/Arsenal-Leicester-City-December-26-2000-Premier-League,2026-09-21T14:57:02Z,200,228K,Match Report
fbref,https://fbref.com/en/matches/373ce781/Arsenal-Ipswich-Town-February-10-2001-Premier-League,2026-09-21T14:58:14Z,200,220K,Match Report
fbref,https://fbref.com/en/matches/f9e89ba1/Manchester-United-Arsenal-February-25-2001-Premier-League,2026-09-21T14:58:42Z,200,226K,Match Report
fbref,https://fbref.com/en/matches/05b20a12/North-London-Derby-Arsenal-Tottenham-Hotspur-March-31-2001-Premier-League,2026-09-21T14:58:52Z,200,221K,Match Report
fbref,https://fbref.com/en/matches/ce0d1c79/Arsenal-Everton-April-21-2001-Premier-League,2026-09-21T14:59:03Z,200,227K,Match Report
fbref,https://fbref.com/en/matches/ab30eec0/Middlesbrough-Arsenal-August-18-2001-Premier-League,2026-09-21T14:59:36Z,200,228K,Match Report
fbref,https://fbref.com/en/matches/43d05ff4/Arsenal-Leicester-City-August-25-2001-Premier-League,2026-09-21T14:59:46Z,200,232K,Match Report
fbref,https://fbref.com/en/matches/115f6e50/North-West-London-Derby-Chelsea-Arsenal-September-8-2001-Premier-League,2026-09-21T15:00:02Z,200,225K,Match Report
fbref,https://fbref.com/en/matches/e845f79f/Fulham-Arsenal-September-15-2001-Premier-League,2026-09-21T15:00:38Z,200,226K,Match Report
fbref,https://fbref.com/en/matches/fdb7a1bd/Derby-County-Arsenal-September-29-2001-Premier-League,2026-09-21T15:00:59Z,200,225K,Match Report
fbref,https://fbref.com/en/matches/ccc99e76/Southampton-Arsenal-October-13-2001-Premier-League,2026-09-21T15:01:28Z,200,227K,Match Report
fbref,https://fbref.com/en/matches/eb5407ff/Arsenal-Blackburn-Rovers-October-20-2001-Premier-League,2026-09-21T15:02:21Z,200,228K,Match Report
fbref,https://fbref.com/en/matches/71ab141b/Arsenal-Charlton-Athletic-November-4-2001-Premier-League,2026-09-21T15:03:08Z,200,227K,Match Report
fbref,https://fbref.com/en/matches/09acf0a1/Arsenal-Manchester-United-November-25-2001-Premier-League,2026-09-21T15:03:23Z,200,226K,Match Report
fbref,https://fbref.com/en/matches/7a2747bd/Ipswich-Town-Arsenal-December-1-2001-Premier-League,2026-09-21T15:04:07Z,200,226K,Match Report
fbref,https://fbref.com/en/matches/87384c92/Arsenal-Aston-Villa-December-9-2001-Premier-League,2026-09-21T15:04:22Z,200,224K,Match Report
fbref,https://fbref.com/en/matches/c67a395a/Liverpool-Arsenal-December-23-2001-Premier-League,2026-09-21T15:04:58Z,200,226K,Match Report
fbref,https://fbref.com/en/matches/95d37024/Leicester-City-Arsenal-January-23-2002-Premier-League,2026-09-21T15:05:41Z,200,228K,Match Report
fbref,https://fbref.com/en/matches/9a0ed61c/Blackburn-Rovers-Arsenal-January-30-2002-Premier-League,2026-09-21T15:06:08Z,200,228K,Match Report
fbref,https://fbref.com/en/matches/b67fd015/Arsenal-Fulham-February-23-2002-Premier-League,2026-09-21T15:06:41Z,200,229K,Match Report
fbref,https://fbref.com/en/matches/c9c8ef77/Charlton-Athletic-Arsenal-April-1-2002-Premier-League,2026-09-21T15:06:58Z,200,222K,Match Report
fbref,https://fbref.com/en/matches/d21e3154/Arsenal-Everton-May-11-2002-Premier-League,2026-09-21T15:07:20Z,200,227K,Match Report
fbref,https://fbref.com/en/matches/b34c92a7/Arsenal-Birmingham-City-August-18-2002-Premier-League,2026-09-21T15:09:31Z,200,281K,Match Report
fbref,https://fbref.com/en/matches/762ceda6/West-Ham-United-Arsenal-August-24-2002-Premier-League,2026-09-21T15:10:12Z,200,227K,Match Report
fbref,https://fbref.com/en/matches/66e9fbc1/Arsenal-Manchester-City-September-10-2002-Premier-League,2026-09-21T15:11:58Z,200,277K,Match Report
fbref,https://fbref.com/en/matches/1cde6b52/Charlton-Athletic-Arsenal-September-14-2002-Premier-League,2026-09-21T15:12:18Z,200,228K,Match Report
fbref,https://fbref.com/en/matches/19f95981/Arsenal-Bolton-Wanderers-September-21-2002-Premier-League,2026-09-21T15:12:47Z,200,229K,Match Report
fbref,https://fbref.com/en/matches/3be14d02/Leeds-United-Arsenal-September-28-2002-Premier-League,2026-09-21T15:14:30Z,200,282K,Match Report
fbref,https://fbref.com/en/matches/426ac2cc/North-London-Derby-Arsenal-Tottenham-Hotspur-November-16-2002-Premier-League,2026-09-21T15:16:37Z,200,230K,Match Report
fbref,https://fbref.com/en/matches/53062264/Arsenal-Aston-Villa-November-30-2002-Premier-League,2026-09-21T15:16:51Z,200,223K,Match Report
fbref,https://fbref.com/en/matches/34eca278/West-Bromwich-Albion-Arsenal-December-26-2002-Premier-League,2026-09-21T15:18:25Z,200,280K,Match Report
fbref,https://fbref.com/en/matches/79a04891/Arsenal-Liverpool-December-29-2002-Premier-League,2026-09-21T15:19:52Z,200,269K,Match Report
fbref,https://fbref.com/en/matches/7ab26006/North-West-London-Derby-Arsenal-Chelsea-January-1-2003-Premier-League,2026-09-21T15:20:14Z,200,230K,Match Report
fbref,https://fbref.com/en/matches/e785bef0/Birmingham-City-Arsenal-January-12-2003-Premier-League,2026-09-21T15:20:29Z,200,228K,Match Report
fbref,https://fbref.com/en/matches/d2de2c18/Arsenal-West-Ham-United-January-19-2003-Premier-League,2026-09-21T15:21:10Z,200,228K,Match Report
fbref,https://fbref.com/en/matches/d8d8b31d/Newcastle-United-Arsenal-February-9-2003-Premier-League,2026-09-21T15:21:42Z,200,227K,Match Report
fbref,https://fbref.com/en/matches/b043f64f/Manchester-City-Arsenal-February-22-2003-Premier-League,2026-09-21T15:23:21Z,200,283K,Match Report
fbref,https://fbref.com/en/matches/54545afb/Arsenal-Manchester-United-April-16-2003-Premier-League,2026-09-21T15:24:21Z,200,225K,Match Report
fbref,https://fbref.com/en/matches/401378db/Middlesbrough-Arsenal-April-19-2003-Premier-League,2026-09-21T15:24:52Z,200,227K,Match Report
fbref,https://fbref.com/en/matches/05fdc3f8/Arsenal-Leeds-United-May-4-2003-Premier-League,2026-09-21T15:25:56Z,200,280K,Match Report
fbref,https://fbref.com/en/matches/9ba915da/Sunderland-Arsenal-May-11-2003-Premier-League,2026-09-21T15:26:05Z,200,231K,Match Report
fbref,https://fbref.com/en/matches/4a686317/Arsenal-Everton-August-16-2003-Premier-League,2026-09-21T15:26:15Z,200,226K,Match Report
fbref,https://fbref.com/en/matches/5c453a0f/Middlesbrough-Arsenal-August-24-2003-Premier-League,2026-09-21T15:26:31Z,200,226K,Match Report
fbref,https://fbref.com/en/matches/6d4c8239/Arsenal-Aston-Villa-August-27-2003-Premier-League,2026-09-21T15:26:36Z,200,221K,Match Report
fbref,https://fbref.com/en/matches/8114cecc/Arsenal-Portsmouth-September-13-2003-Premier-League,2026-09-21T15:26:57Z,200,223K,Match Report
fbref,https://fbref.com/en/matches/1338f18f/Arsenal-Newcastle-United-September-26-2003-Premier-League,2026-09-21T15:28:47Z,200,229K,Match Report
fbref,https://fbref.com/en/matches/8d5f1b0c/North-West-London-Derby-Arsenal-Chelsea-October-18-2003-Premier-League,2026-09-21T15:29:17Z,200,227K,Match Report
fbref,https://fbref.com/en/matches/d4d0433a/Charlton-Athletic-Arsenal-October-26-2003-Premier-League,2026-09-21T15:29:36Z,200,221K,Match Report
fbref,https://fbref.com/en/matches/8327a62e/Leeds-United-Arsenal-November-1-2003-Premier-League,2026-09-21T15:29:48Z,200,224K,Match Report
fbref,https://fbref.com/en/matches/68974f8e/Arsenal-Wolverhampton-Wanderers-December-26-2003-Premier-League,2026-09-21T15:30:13Z,200,223K,Match Report
fbref,https://fbref.com/en/matches/0f82d164/Arsenal-Middlesbrough-January-10-2004-Premier-League,2026-09-21T15:30:30Z,200,229K,Match Report
fbref,https://fbref.com/en/matches/5badfd23/Aston-Villa-Arsenal-January-18-2004-Premier-League,2026-09-21T15:31:06Z,200,228K,Match Report
fbref,https://fbref.com/en/matches/82c15a91/Arsenal-Manchester-City-February-1-2004-Premier-League,2026-09-21T15:31:41Z,200,226K,Match Report
fbref,https://fbref.com/en/matches/320b27fc/Wolverhampton-Wanderers-Arsenal-February-7-2004-Premier-League,2026-09-21T15:32:35Z,200,219K,Match Report
fbref,https://fbref.com/en/matches/4cf158ef/Arsenal-Southampton-February-10-2004-Premier-League,2026-09-21T15:33:15Z,200,221K,Match Report
fbref,https://fbref.com/en/matches/07880351/Arsenal-Charlton-Athletic-February-28-2004-Premier-League,2026-09-21T15:33:34Z,200,222K,Match Report
fbref,https://fbref.com/en/matches/ba52b6e8/Blackburn-Rovers-Arsenal-March-13-2004-Premier-League,2026-09-21T15:33:48Z,200,223K,Match Report
fbref,https://fbref.com/en/matches/a23094f0/Arsenal-Manchester-United-March-28-2004-Premier-League,2026-09-21T15:34:10Z,200,223K,Match Report
fbref,https://fbref.com/en/matches/acad687c/Arsenal-Liverpool-April-9-2004-Premier-League,2026-09-21T15:34:24Z,200,225K,Match Report
fbref,https://fbref.com/en/matches/69b78d77/Arsenal-Leeds-United-April-16-2004-Premier-League,2026-09-21T15:35:43Z,200,226K,Match Report
fbref,https://fbref.com/en/matches/f31d89de/Arsenal-Leicester-City-May-15-2004-Premier-League,2026-09-21T15:36:03Z,200,228K,Match Report
fbref,https://fbref.com/en/matches/6f3974e6/Arsenal-Middlesbrough-August-22-2004-Premier-League,2026-09-21T15:36:14Z,200,229K,Match Report
fbref,https://fbref.com/en/matches/a6cd39f3/Arsenal-Blackburn-Rovers-August-25-2004-Premier-League,2026-09-21T15:36:46Z,200,226K,Match Report
fbref,https://fbref.com/en/matches/f9475a30/Norwich-City-Arsenal-August-28-2004-Premier-League,2026-09-21T15:37:47Z,200,231K,Match Report
fbref,https://fbref.com/en/matches/b469fef4/Arsenal-Bolton-Wanderers-September-18-2004-Premier-League,2026-09-21T15:37:59Z,200,230K,Match Report
fbref,https://fbref.com/en/matches/cde34c86/Arsenal-Charlton-Athletic-October-2-2004-Premier-League,2026-09-21T15:38:11Z,200,230K,Match Report
fbref,https://fbref.com/en/matches/336111c8/Arsenal-Aston-Villa-October-16-2004-Premier-League,2026-09-21T15:38:32Z,200,230K,Match Report
fbref,https://fbref.com/en/matches/5d7e3d2c/Arsenal-Southampton-October-30-2004-Premier-League,2026-09-21T15:39:14Z,200,225K,Match Report
fbref,https://fbref.com/en/matches/4eeb4875/Crystal-Palace-Arsenal-November-6-2004-Premier-League,2026-09-21T15:41:13Z,200,228K,Match Report
fbref,https://fbref.com/en/matches/2da7ce03/North-London-Derby-Tottenham-Hotspur-Arsenal-November-13-2004-Premier-League,2026-09-21T15:42:12Z,200,233K,Match Report
fbref,https://fbref.com/en/matches/82d0677f/Arsenal-Birmingham-City-December-4-2004-Premier-League,2026-09-21T15:42:28Z,200,226K,Match Report
fbref,https://fbref.com/en/matches/c8d61702/North-West-London-Derby-Arsenal-Chelsea-December-12-2004-Premier-League,2026-09-21T15:42:59Z,200,226K,Match Report
fbref,https://fbref.com/en/matches/fabd6aa3/Arsenal-Fulham-December-26-2004-Premier-League,2026-09-21T15:43:11Z,200,223K,Match Report
fbref,https://fbref.com/en/matches/ad0d1215/Aston-Villa-Arsenal-February-5-2005-Premier-League,2026-09-21T15:43:47Z,200,227K,Match Report
fbref,https://fbref.com/en/matches/10ebbe6a/Arsenal-Crystal-Palace-February-14-2005-Premier-League,2026-09-21T15:44:14Z,200,232K,Match Report
fbref,https://fbref.com/en/matches/cdd8288d/Arsenal-Portsmouth-March-5-2005-Premier-League,2026-09-21T15:44:41Z,200,226K,Match Report
fbref,https://fbref.com/en/matches/d0b06587/Arsenal-Norwich-City-April-2-2005-Premier-League,2026-09-21T15:45:07Z,200,230K,Match Report
fbref,https://fbref.com/en/matches/211448ce/Arsenal-Newcastle-United-August-14-2005-Premier-League,2026-09-21T15:45:35Z,200,227K,Match Report
fbref,https://fbref.com/en/matches/77ca5aba/Arsenal-Fulham-August-24-2005-Premier-League,2026-09-21T15:45:53Z,200,221K,Match Report
fbref,https://fbref.com/en/matches/7938a667/Arsenal-Sunderland-November-5-2005-Premier-League,2026-09-21T15:46:11Z,200,225K,Match Report
fbref,https://fbref.com/en/matches/bd52b93b/Wigan-Athletic-Arsenal-November-19-2005-Premier-League,2026-09-21T15:46:35Z,200,226K,Match Report
fbref,https://fbref.com/en/matches/85e79423/Arsenal-Blackburn-Rovers-November-26-2005-Premier-League,2026-09-21T15:46:52Z,200,224K,Match Report
fbref,https://fbref.com/en/matches/1d2dc893/Arsenal-Portsmouth-December-28-2005-Premier-League,2026-09-21T15:47:37Z,200,225K,Match Report
fbref,https://fbref.com/en/matches/af502f26/Arsenal-Middlesbrough-January-14-2006-Premier-League,2026-09-21T15:48:00Z,200,232K,Match Report
fbref,https://fbref.com/en/matches/42313794/Arsenal-West-Ham-United-February-1-2006-Premier-League,2026-09-21T15:48:58Z,200,230K,Match Report
fbref,https://fbref.com/en/matches/8dda1112/Birmingham-City-Arsenal-February-4-2006-Premier-League,2026-09-21T15:49:59Z,200,222K,Match Report
fbref,https://fbref.com/en/matches/aba97036/Fulham-Arsenal-March-4-2006-Premier-League,2026-09-21T15:51:01Z,200,224K,Match Report
fbref,https://fbref.com/en/matches/98f01ec4/Arsenal-Liverpool-March-12-2006-Premier-League,2026-09-21T15:51:32Z,200,223K,Match Report
fbref,https://fbref.com/en/matches/0af88af5/Arsenal-Aston-Villa-April-1-2006-Premier-League,2026-09-21T15:51:51Z,200,229K,Match Report
fbref,https://fbref.com/en/matches/532c9141/Portsmouth-Arsenal-April-12-2006-Premier-League,2026-09-21T15:52:06Z,200,226K,Match Report
fbref,https://fbref.com/en/matches/82dce0c0/North-London-Derby-Arsenal-Tottenham-Hotspur-April-22-2006-Premier-League,2026-09-21T15:52:28Z,200,225K,Match Report
fbref,https://fbref.com/en/matches/2d1384d0/Sunderland-Arsenal-May-1-2006-Premier-League,2026-09-21T15:52:39Z,200,226K,Match Report
fbref,https://fbref.com/en/matches/541d5bec/Arsenal-Wigan-Athletic-May-7-2006-Premier-League,2026-09-21T15:53:27Z,200,230K,Match Report
fbref,https://fbref.com/en/matches/bf51f5e6/Arsenal-Middlesbrough-September-9-2006-Premier-League,2026-09-21T15:54:21Z,200,227K,Match Report
fbref,https://fbref.com/en/matches/3c0d9084/Arsenal-Sheffield-United-September-23-2006-Premier-League,2026-09-21T15:54:49Z,200,227K,Match Report
fbref,https://fbref.com/en/matches/db561daa/Arsenal-Watford-October-14-2006-Premier-League,2026-09-21T15:55:01Z,200,224K,Match Report
fbref,https://fbref.com/en/matches/f7e73c72/Reading-Arsenal-October-22-2006-Premier-League,2026-09-21T15:55:21Z,200,227K,Match Report
fbref,https://fbref.com/en/matches/4381bf19/Arsenal-Newcastle-United-November-18-2006-Premier-League,2026-09-21T15:56:04Z,200,224K,Match Report
fbref,https://fbref.com/en/matches/460ff893/Arsenal-Charlton-Athletic-January-2-2007-Premier-League,2026-09-21T15:56:21Z,200,229K,Match Report
fbref,https://fbref.com/en/matches/f7059233/Blackburn-Rovers-Arsenal-January-13-2007-Premier-League,2026-09-21T15:56:31Z,200,224K,Match Report
fbref,https://fbref.com/en/matches/b2ffa401/Middlesbrough-Arsenal-February-3-2007-Premier-League,2026-09-21T15:56:38Z,200,222K,Match Report
fbref,https://fbref.com/en/matches/10b8de41/Sunderland-Arsenal-February-11-2012-Premier-League,2026-09-21T15:56:55Z,200,223K,Match Report
fbref,https://fbref.com/en/players/7cd34266/matchlogs/1993-1994/Robbie-Fowler-Match-Logs,2026-09-21T15:57:18Z,200,235K,Robbie Fowler 1993-1994
fbref,https://fbref.com/en/players/7cd34266/matchlogs/1994-1995/Robbie-Fowler-Match-Logs,2026-09-21T15:58:41Z,200,228K,Robbie Fowler 1994-1995
fbref,https://fbref.com/en/players/7cd34266/matchlogs/1995-1996/Robbie-Fowler-Match-Logs,2026-09-21T15:58:55Z,200,267K,Robbie Fowler 1995-1996
fbref,https://fbref.com/en/players/7cd34266/matchlogs/1996-1997/Robbie-Fowler-Match-Logs,2026-09-21T15:59:17Z,200,244K,Robbie Fowler 1996-1997
fbref,https://fbref.com/en/players/7cd34266/matchlogs/1997-1998/summary/Robbie-Fowler-Match-Logs,2026-09-21T16:02:37Z,200,258K,Robbie Fowler 1997-1998
fbref,https://fbref.com/en/players/7cd34266/matchlogs/1998-1999/Robbie-Fowler-Match-Logs,2026-09-21T16:02:49Z,200,246K,Robbie Fowler 1998-1999
fbref,https://fbref.com/en/players/7cd34266/matchlogs/1999-2000/Robbie-Fowler-Match-Logs,2026-09-21T16:03:05Z,200,184K,Robbie Fowler 1999-2000
fbref,https://fbref.com/en/players/7cd34266/matchlogs/2000-2001/Robbie-Fowler-Match-Logs,2026-09-21T16:03:29Z,200,266K,Robbie Fowler 2000-2001
fbref,https://fbref.com/en/players/7cd34266/matchlogs/2001-2002/Robbie-Fowler-Match-Logs,2026-09-21T16:03:41Z,200,277K,Robbie Fowler 2001-2002
fbref,https://fbref.com/en/players/7cd34266/matchlogs/2002-2003/Robbie-Fowler-Match-Logs,2026-09-21T16:03:57Z,200,191K,Robbie Fowler 2002-2003
fbref,https://fbref.com/en/players/7cd34266/matchlogs/2003-2004/Robbie-Fowler-Match-Logs,2026-09-21T16:04:35Z,200,256K,Robbie Fowler 2003-2004
fbref,https://fbref.com/en/players/7cd34266/matchlogs/2004-2005/Robbie-Fowler-Match-Logs,2026-09-21T16:04:46Z,200,246K,Robbie Fowler 2004-2005
fbref,https://fbref.com/en/players/7cd34266/matchlogs/2005-2006/summary/Robbie-Fowler-Match-Logs,2026-09-21T16:07:15Z,200,267K,Robbie Fowler 2005-2006
fbref,https://fbref.com/en/players/7cd34266/matchlogs/2006-2007/summary/Robbie-Fowler-Match-Logs,2026-09-21T16:09:44Z,200,201K,Robbie Fowler 2006-2007
fbref,https://fbref.com/en/players/7cd34266/matchlogs/2008-2009/Robbie-Fowler-Match-Logs,2026-09-21T16:10:33Z,200,146K,Robbie Fowler 2008-2009
fbref,https://fbref.com/en/matches/b82f5e10/Liverpool-Oldham-Athletic-October-16-1993-Premier-League,2026-09-21T16:10:43Z,200,217K,Match Report
fbref,https://fbref.com/en/matches/6a64075f/Liverpool-Southampton-October-30-1993-Premier-League,2026-09-21T16:11:13Z,200,220K,Match Report
fbref,https://fbref.com/en/matches/347bc812/Liverpool-Aston-Villa-November-28-1993-Premier-League,2026-09-21T16:11:42Z,200,220K,Match Report
fbref,https://fbref.com/en/matches/972ee8d1/Sheffield-Wednesday-Liverpool-December-4-1993-Premier-League,2026-09-21T16:12:06Z,200,223K,Match Report
fbref,https://fbref.com/en/matches/c2f15d76/Tottenham-Hotspur-Liverpool-December-18-1993-Premier-League,2026-09-21T16:12:15Z,200,196K,Match Report
fbref,https://fbref.com/en/matches/d099f3b4/Oldham-Athletic-Liverpool-January-15-1994-Premier-League,2026-09-21T16:12:26Z,200,217K,Match Report
fbref,https://fbref.com/en/matches/71550c08/Merseyside-Derby-Liverpool-Everton-March-13-1994-Premier-League,2026-09-21T16:13:26Z,200,196K,Match Report
fbref,https://fbref.com/en/matches/a555257a/West-Ham-United-Liverpool-April-23-1994-Premier-League,2026-09-21T16:13:41Z,200,191K,Match Report
fbref,https://fbref.com/en/matches/6b7b5b85/Aston-Villa-Liverpool-May-7-1994-Premier-League,2026-09-21T16:15:04Z,200,222K,Match Report
fbref,https://fbref.com/en/matches/7dc8d0de/Crystal-Palace-Liverpool-August-20-1994-Premiership,2026-09-21T16:15:14Z,200,184K,Match Report
fbref,https://fbref.com/en/matches/d6ced07e/Liverpool-Arsenal-August-28-1994-Premiership,2026-09-21T16:15:48Z,200,182K,Match Report
fbref,https://fbref.com/en/matches/3283201e/Southampton-Liverpool-August-31-1994-Premiership,2026-09-21T16:17:41Z,200,271K,Match Report
fbref,https://fbref.com/en/matches/a37bd8e0/Liverpool-Aston-Villa-October-8-1994-Premiership,2026-09-21T16:17:59Z,200,184K,Match Report
fbref,https://fbref.com/en/matches/71851ede/Blackburn-Rovers-Liverpool-October-15-1994-Premiership,2026-09-21T16:20:16Z,200,274K,Match Report
fbref,https://fbref.com/en/matches/b29aa875/Liverpool-Wimbledon-October-22-1994-Premiership,2026-09-21T16:21:42Z,200,278K,Match Report
fbref,https://fbref.com/en/matches/3c3d0bca/Ipswich-Town-Liverpool-October-29-1994-Premiership,2026-09-21T16:22:30Z,200,273K,Match Report
fbref,https://fbref.com/en/matches/36e3ce3b/Liverpool-Nottingham-Forest-November-5-1994-Premiership,2026-09-21T16:22:36Z,200,176K,Match Report
fbref,https://fbref.com/en/matches/5dc41b52/Liverpool-Chelsea-November-9-1994-Premiership,2026-09-21T16:24:33Z,200,275K,Match Report
fbref,https://fbref.com/en/matches/3845e79a/Liverpool-Tottenham-Hotspur-November-26-1994-Premiership,2026-09-21T16:25:16Z,200,273K,Match Report
fbref,https://fbref.com/en/matches/23f13266/Leicester-City-Liverpool-December-26-1994-Premiership,2026-09-21T16:27:26Z,200,265K,Match Report
fbref,https://fbref.com/en/matches/c863e51a/Liverpool-Manchester-City-December-28-1994-Premiership,2026-09-21T16:29:41Z,200,271K,Match Report
fbref,https://fbref.com/en/matches/be102a76/Leeds-United-Liverpool-December-31-1994-Premiership,2026-09-21T16:32:01Z,200,260K,Match Report
fbref,https://fbref.com/en/matches/ab943768/Liverpool-Norwich-City-January-2-1995-Premiership,2026-09-21T16:32:48Z,200,275K,Match Report
fbref,https://fbref.com/en/matches/992e9fbb/Nottingham-Forest-Liverpool-February-4-1995-Premiership,2026-09-21T16:33:01Z,200,183K,Match Report
fbref,https://fbref.com/en/matches/7c59fa00/Liverpool-Newcastle-United-March-4-1995-Premiership,2026-09-21T16:33:51Z,200,275K,Match Report
fbref,https://fbref.com/en/matches/d9aa0bdb/Liverpool-Southampton-April-5-1995-Premiership,2026-09-21T16:34:45Z,200,275K,Match Report
fbref,https://fbref.com/en/matches/8ad49f3c/Arsenal-Liverpool-April-12-1995-Premiership,2026-09-21T16:35:46Z,200,182K,Match Report
fbref,https://fbref.com/en/matches/00e23110/Liverpool-Leicester-City-April-17-1995-Premiership,2026-09-21T16:36:51Z,200,185K,Match Report
fbref,https://fbref.com/en/matches/0d23adad/Tottenham-Hotspur-Liverpool-August-26-1995-Premier-League,2026-09-21T16:38:31Z,200,275K,Match Report
fbref,https://fbref.com/en/matches/6a212e62/Liverpool-Blackburn-Rovers-September-16-1995-Premier-League,2026-09-21T16:40:09Z,200,279K,Match Report
fbref,https://fbref.com/en/matches/c01d8f07/Liverpool-Bolton-Wanderers-September-23-1995-Premier-League,2026-09-21T16:41:26Z,200,221K,Match Report
fbref,https://fbref.com/en/matches/bab5a12a/North-West-Derby-Manchester-United-Liverpool-October-1-1995-Premier-League,2026-09-21T16:41:57Z,200,221K,Match Report
fbref,https://fbref.com/en/matches/4281c67a/Liverpool-Manchester-City-October-28-1995-Premier-League,2026-09-21T16:42:04Z,200,228K,Match Report
fbref,https://fbref.com/en/matches/541dc510/Merseyside-Derby-Liverpool-Everton-November-18-1995-Premier-League,2026-09-21T16:43:02Z,200,276K,Match Report
fbref,https://fbref.com/en/matches/3cfae552/North-West-Derby-Liverpool-Manchester-United-December-17-1995-Premier-League,2026-09-21T16:43:43Z,200,217K,Match Report
fbref,https://fbref.com/en/matches/61b49733/Liverpool-Arsenal-December-23-1995-Premier-League,2026-09-21T16:44:01Z,200,219K,Match Report
fbref,https://fbref.com/en/matches/ebbc7f05/Liverpool-Nottingham-Forest-January-1-1996-Premier-League,2026-09-21T16:44:58Z,200,218K,Match Report
fbref,https://fbref.com/en/matches/21dcc81c/Liverpool-Leeds-United-January-20-1996-Premier-League,2026-09-21T16:45:13Z,200,221K,Match Report
fbref,https://fbref.com/en/matches/e3970581/Aston-Villa-Liverpool-January-31-1996-Premier-League,2026-09-21T16:45:32Z,200,214K,Match Report
fbref,https://fbref.com/en/matches/05ccd681/Queens-Park-Rangers-Liverpool-February-11-1996-Premier-League,2026-09-21T16:46:10Z,200,215K,Match Report
fbref,https://fbref.com/en/matches/a2fe6417/Liverpool-Aston-Villa-March-3-1996-Premier-League,2026-09-21T16:46:31Z,200,220K,Match Report
fbref,https://fbref.com/en/matches/f20244de/Liverpool-Chelsea-March-16-1996-Premier-League,2026-09-21T16:48:44Z,200,6.23K,Match Report
fbref,https://fbref.com/en/matches/549cef74/Liverpool-Newcastle-United-April-3-1996-Premier-League,2026-09-21T16:50:40Z,200,6.23K,Match Report
fbref,https://fbref.com/en/matches/cf40050a/Merseyside-Derby-Everton-Liverpool-April-16-1996-Premier-League,2026-09-21T16:51:30Z,200,6.23K,Match Report
fbref,https://fbref.com/en/matches/acb0d107/Middlesbrough-Liverpool-August-17-1996-Premier-League,2026-09-21T16:51:43Z,200,218K,Match Report
fbref,https://fbref.com/en/matches/51fcbc4a/Liverpool-Chelsea-September-21-1996-Premier-League,2026-09-21T16:54:20Z,200,6.25K,Match Report
fbref,https://fbref.com/en/matches/1834a0b6/Liverpool-Derby-County-October-27-1996-Premier-League,2026-09-21T16:55:34Z,200,6.23K,Match Report
fbref,https://fbref.com/en/matches/7a9513a8/Merseyside-Derby-Liverpool-Everton-November-20-1996-Premier-League,2026-09-21T16:58:14Z,200,1.04K,Match Report
fbref,https://fbref.com/en/matches/3cd9f1d4/Liverpool-Middlesbrough-December-14-1996-Premier-League,2026-09-21T16:58:24Z,200,218K,Match Report
fbref,https://fbref.com/en/matches/194a6aec/Liverpool-Nottingham-Forest-December-17-1996-Premier-League,2026-09-21T16:59:41Z,200,279K,Match Report
fbref,https://fbref.com/en/matches/f00e01fe/Liverpool-Aston-Villa-January-18-1997-Premier-League,2026-09-21T17:00:25Z,200,215K,Match Report
fbref,https://fbref.com/en/matches/7a659534/Liverpool-Leeds-United-February-19-1997-Premier-League,2026-09-21T17:00:47Z,200,224K,Match Report
fbref,https://fbref.com/en/matches/c59fcdc1/Liverpool-Newcastle-United-March-10-1997-Premier-League,2026-09-21T17:03:09Z,200,280K,Match Report
fbref,https://fbref.com/en/matches/73e9e66c/Nottingham-Forest-Liverpool-March-15-1997-Premier-League,2026-09-21T17:04:41Z,200,275K,Match Report
fbref,https://fbref.com/en/matches/e27e7c12/Liverpool-Coventry-City-April-6-1997-Premier-League,2026-09-21T17:05:41Z,200,276K,Match Report
fbref,https://fbref.com/en/matches/bea48fde/Sunderland-Liverpool-April-13-1997-Premier-League,2026-09-21T17:06:23Z,200,217K,Match Report
fbref,https://fbref.com/en/matches/cade62ee/Liverpool-Aston-Villa-September-22-1997-Premier-League,2026-09-21T17:06:32Z,200,219K,Match Report
fbref,https://fbref.com/en/matches/7044d80a/West-Ham-United-Liverpool-September-27-1997-Premier-League,2026-09-21T17:06:41Z,200,219K,Match Report
fbref,https://fbref.com/en/matches/2a613983/Liverpool-Chelsea-October-5-1997-Premier-League,2026-09-21T17:08:11Z,200,267K,Match Report
fbref,https://fbref.com/en/matches/9f42d0ed/Liverpool-Derby-County-October-25-1997-Premier-League,2026-09-21T17:09:21Z,200,262K,Match Report
fbref,https://fbref.com/en/matches/228b507e/Bolton-Wanderers-Liverpool-November-1-1997-Premier-League,2026-09-21T17:11:03Z,200,276K,Match Report
fbref,https://fbref.com/en/matches/cda73cc6/Liverpool-Leeds-United-December-26-1997-Premier-League,2026-09-21T17:11:12Z,200,221K,Match Report
fbref,https://fbref.com/en/matches/e35ea2cd/Liverpool-Charlton-Athletic-September-19-1998-Premier-League,2026-09-21T17:14:18Z,200,227K,Match Report
fbref,https://fbref.com/en/matches/7804037a/Liverpool-Leeds-United-November-14-1998-Premier-League,2026-09-21T17:14:35Z,200,218K,Match Report
fbref,https://fbref.com/en/matches/62d15fb2/Aston-Villa-Liverpool-November-21-1998-Premier-League,2026-09-21T17:14:46Z,200,231K,Match Report
fbref,https://fbref.com/en/matches/b3e10b4b/Liverpool-Southampton-January-16-1999-Premier-League,2026-09-21T17:15:41Z,200,229K,Match Report
fbref,https://fbref.com/en/matches/4d743855/Derby-County-Liverpool-March-13-1999-Premier-League,2026-09-21T17:16:10Z,200,226K,Match Report
fbref,https://fbref.com/en/matches/2a42b41e/Merseyside-Derby-Liverpool-Everton-April-3-1999-Premier-League,2026-09-21T17:16:43Z,200,226K,Match Report
fbref,https://fbref.com/en/matches/2b5e42fa/Sheffield-Wednesday-Liverpool-August-7-1999-Premiership,2026-09-21T17:17:15Z,200,194K,Match Report
fbref,https://fbref.com/en/matches/abc9de07/Liverpool-Arsenal-August-28-1999-Premiership,2026-09-21T17:19:36Z,200,188K,Match Report
fbref,https://fbref.com/en/matches/980dc3cc/Liverpool-Wimbledon-December-28-1999-Premiership,2026-09-21T17:22:01Z,200,284K,Match Report
fbref,https://fbref.com/en/matches/54f61c06/Tottenham-Hotspur-Liverpool-November-19-2000-Premier-League,2026-09-21T17:22:36Z,200,225K,Match Report
fbref,https://fbref.com/en/matches/7b7f4a90/Liverpool-Arsenal-December-23-2000-Premier-League,2026-09-21T17:23:13Z,200,227K,Match Report
fbref,https://fbref.com/en/matches/310010f6/Liverpool-West-Ham-United-February-3-2001-Premier-League,2026-09-21T17:24:59Z,200,227K,Match Report
fbref,https://fbref.com/en/matches/8ae90f6f/North-West-Derby-Liverpool-Manchester-United-March-31-2001-Premier-League,2026-09-21T17:26:38Z,200,227K,Match Report
fbref,https://fbref.com/en/matches/67f2552f/Liverpool-Tottenham-Hotspur-April-22-2001-Premier-League,2026-09-21T17:26:49Z,200,223K,Match Report
fbref,https://fbref.com/en/matches/6e90abef/Charlton-Athletic-Liverpool-May-19-2001-Premier-League,2026-09-21T17:28:07Z,200,225K,Match Report
fbref,https://fbref.com/en/matches/ffcaf897/Leicester-City-Liverpool-October-20-2001-Premier-League,2026-09-21T17:28:34Z,200,227K,Match Report
fbref,https://fbref.com/en/matches/e8ac78a8/Leeds-United-Everton-December-19-2001-Premier-League,2026-09-21T17:28:50Z,200,226K,Match Report
fbref,https://fbref.com/en/matches/048b26f1/Bolton-Wanderers-Leeds-United-December-26-2001-Premier-League,2026-09-21T17:29:29Z,200,225K,Match Report
fbref,https://fbref.com/en/matches/52a0726c/Leeds-United-West-Ham-United-January-1-2002-Premier-League,2026-09-21T17:30:08Z,200,220K,Match Report
fbref,https://fbref.com/en/matches/3a212b8a/Leeds-United-Arsenal-January-20-2002-Premier-League,2026-09-21T17:31:57Z,200,219K,Match Report
fbref,https://fbref.com/en/matches/5e7950e8/Middlesbrough-Leeds-United-February-9-2002-Premier-League,2026-09-21T17:32:27Z,200,223K,Match Report
fbref,https://fbref.com/en/matches/79d29024/Leeds-United-Ipswich-Town-March-6-2002-Premier-League,2026-09-21T17:32:35Z,200,221K,Match Report
fbref,https://fbref.com/en/matches/4a0e8a83/Leeds-United-Blackburn-Rovers-March-17-2002-Premier-League,2026-09-21T17:32:47Z,200,228K,Match Report
fbref,https://fbref.com/en/matches/844c6acb/Leicester-City-Leeds-United-March-23-2002-Premier-League,2026-09-21T17:33:00Z,200,219K,Match Report
fbref,https://fbref.com/en/matches/3ff9f160/Bolton-Wanderers-Leeds-United-December-16-2002-Premiership,2026-09-21T17:35:08Z,200,266K,Match Report
fbref,https://fbref.com/en/matches/6546d684/Sunderland-Leeds-United-December-26-2002-Premiership,2026-09-21T17:36:05Z,200,190K,Match Report
fbref,https://fbref.com/en/matches/fb2335a0/Manchester-City-Birmingham-City-March-16-2003-Premiership,2026-09-21T17:37:07Z,200,278K,Match Report
fbref,https://fbref.com/en/matches/80782558/Manchester-City-Sunderland-April-21-2003-Premiership,2026-09-21T17:37:15Z,200,185K,Match Report
fbref,https://fbref.com/en/matches/9646d2a8/Southampton-Manchester-City-November-1-2003-Premier-League,2026-09-21T17:37:35Z,200,221K,Match Report
fbref,https://fbref.com/en/matches/2b49189a/Birmingham-City-Manchester-City-December-26-2003-Premier-League,2026-09-21T17:37:56Z,200,224K,Match Report
fbref,https://fbref.com/en/matches/404e969a/Manchester-City-Liverpool-December-28-2003-Premier-League,2026-09-21T17:38:15Z,200,228K,Match Report
fbref,https://fbref.com/en/matches/06be3981/Manchester-City-Charlton-Athletic-January-7-2004-Premier-League,2026-09-21T17:39:01Z,200,226K,Match Report
fbref,https://fbref.com/en/matches/418fe03e/Bolton-Wanderers-Manchester-City-February-21-2004-Premier-League,2026-09-21T17:39:22Z,200,228K,Match Report
fbref,https://fbref.com/en/matches/a4dd182c/Manchester-Derby-Manchester-City-Manchester-United-March-14-2004-Premier-League,2026-09-21T17:39:47Z,200,227K,Match Report
fbref,https://fbref.com/en/matches/61eb4078/Manchester-City-Fulham-August-14-2004-Premier-League,2026-09-21T17:40:50Z,200,221K,Match Report
fbref,https://fbref.com/en/matches/8f93b72c/Middlesbrough-Manchester-City-December-6-2004-Premier-League,2026-09-21T17:41:16Z,200,225K,Match Report
fbref,https://fbref.com/en/matches/ec091f21/Everton-Manchester-City-December-26-2004-Premier-League,2026-09-21T17:42:22Z,200,226K,Match Report
fbref,https://fbref.com/en/matches/b79fe4f6/Manchester-City-Crystal-Palace-January-15-2005-Premier-League,2026-09-21T17:43:41Z,200,228K,Match Report
fbref,https://fbref.com/en/matches/f2d6ca36/Norwich-City-Manchester-City-February-28-2005-Premier-League,2026-09-21T17:43:55Z,200,218K,Match Report
fbref,https://fbref.com/en/matches/02122aa8/Charlton-Athletic-Manchester-City-April-2-2005-Premier-League,2026-09-21T17:44:33Z,200,221K,Match Report
fbref,https://fbref.com/en/matches/274d15cb/Manchester-City-Birmingham-City-April-20-2005-Premier-League,2026-09-21T17:44:45Z,200,225K,Match Report
fbref,https://fbref.com/en/matches/a496f7c8/Manchester-City-Portsmouth-April-30-2005-Premier-League,2026-09-21T17:45:09Z,200,226K,Match Report
fbref,https://fbref.com/en/matches/a4ae3e38/Manchester-Derby-Manchester-City-Manchester-United-January-14-2006-Premier-League,2026-09-21T17:45:20Z,200,230K,Match Report
fbref,https://fbref.com/en/matches/0c9243f3/Liverpool-Fulham-March-15-2006-Premier-League,2026-09-21T17:45:31Z,200,227K,Match Report
fbref,https://fbref.com/en/matches/5a536783/West-Bromwich-Albion-Liverpool-April-1-2006-Premier-League,2026-09-21T17:45:42Z,200,226K,Match Report
fbref,https://fbref.com/en/matches/27802bda/Liverpool-Bolton-Wanderers-April-9-2006-Premier-League,2026-09-21T17:46:22Z,200,225K,Match Report
fbref,https://fbref.com/en/matches/a2f6001c/Blackburn-Rovers-Liverpool-April-16-2006-Premier-League,2026-09-21T17:47:13Z,200,220K,Match Report
fbref,https://fbref.com/en/matches/5fe1ba8a/Portsmouth-Liverpool-May-7-2006-Premier-League,2026-09-21T17:47:22Z,200,228K,Match Report
fbref,https://fbref.com/en/matches/d3bc7659/Sheffield-United-Liverpool-August-19-2006-Premiership,2026-09-21T17:48:23Z,200,282K,Match Report
fbref,https://fbref.com/en/matches/928ff34d/Liverpool-Sheffield-United-February-24-2007-Premiership,2026-09-21T17:48:54Z,200,191K,Match Report
fbref,https://fbref.com/en/players/f1e8372d/matchlogs/2000-2001/Jermain-Defoe-Match-Logs,2026-09-21T17:49:35Z,200,182K,Jermain Defoe 2000-2001
fbref,https://fbref.com/en/players/f1e8372d/matchlogs/2001-2002/Jermain-Defoe-Match-Logs,2026-09-21T17:50:00Z,200,256K,Jermain Defoe 2001-2002
fbref,https://fbref.com/en/players/f1e8372d/matchlogs/2002-2003/Jermain-Defoe-Match-Logs,2026-09-21T17:50:45Z,200,263K,Jermain Defoe 2002-2003
fbref,https://fbref.com/en/players/f1e8372d/matchlogs/2003-2004/Jermain-Defoe-Match-Logs,2026-09-21T17:52:06Z,200,213K,Jermain Defoe 2003-2004
fbref,https://fbref.com/en/players/f1e8372d/matchlogs/2004-2005/Jermain-Defoe-Match-Logs,2026-09-21T17:52:33Z,200,271K,Jermain Defoe 2004-2005
fbref,https://fbref.com/en/players/f1e8372d/matchlogs/2005-2006/Jermain-Defoe-Match-Logs,2026-09-21T17:52:54Z,200,269K,Jermain Defoe 2005-2006
fbref,https://fbref.com/en/players/f1e8372d/matchlogs/2006-2007/Jermain-Defoe-Match-Logs,2026-09-21T17:53:12Z,200,293K,Jermain Defoe 2006-2007
fbref,https://fbref.com/en/players/f1e8372d/matchlogs/2007-2008/Jermain-Defoe-Match-Logs,2026-09-21T17:53:57Z,200,269K,Jermain Defoe 2007-2008
fbref,https://fbref.com/en/players/f1e8372d/matchlogs/2008-2009/Jermain-Defoe-Match-Logs,2026-09-21T17:54:08Z,200,279K,Jermain Defoe 2008-2009
fbref,https://fbref.com/en/players/f1e8372d/matchlogs/2009-2010/Jermain-Defoe-Match-Logs,2026-09-21T17:54:41Z,200,268K,Jermain Defoe 2009-2010
fbref,https://fbref.com/en/players/f1e8372d/matchlogs/2010-2011/Jermain-Defoe-Match-Logs,2026-09-21T17:55:43Z,200,258K,Jermain Defoe 2010-2011
fbref,https://fbref.com/en/players/f1e8372d/matchlogs/2011-2012/Jermain-Defoe-Match-Logs,2026-09-21T17:56:12Z,200,276K,Jermain Defoe 2011-2012
fbref,https://fbref.com/en/players/f1e8372d/matchlogs/2012-2013/Jermain-Defoe-Match-Logs,2026-09-21T17:56:22Z,200,290K,Jermain Defoe 2012-2013
fbref,https://fbref.com/en/players/f1e8372d/matchlogs/2013-2014/Jermain-Defoe-Match-Logs,2026-09-21T17:56:38Z,200,263K,Jermain Defoe 2013-2014
fbref,https://fbref.com/en/players/f1e8372d/matchlogs/2014-2015/Jermain-Defoe-Match-Logs,2026-09-21T17:56:50Z,200,245K,Jermain Defoe 2014-2015
fbref,https://fbref.com/en/players/f1e8372d/matchlogs/2015-2016/Jermain-Defoe-Match-Logs,2026-09-21T17:57:08Z,200,263K,Jermain Defoe 2015-2016
fbref,https://fbref.com/en/players/f1e8372d/matchlogs/2016-2017/Jermain-Defoe-Match-Logs,2026-09-21T17:57:17Z,200,277K,Jermain Defoe 2016-2017
fbref,https://fbref.com/en/players/f1e8372d/matchlogs/2017-2018/Jermain-Defoe-Match-Logs,2026-09-21T17:57:43Z,200,264K,Jermain Defoe 2017-2018
fbref,https://fbref.com/en/players/f1e8372d/matchlogs/2018-2019/Jermain-Defoe-Match-Logs,2026-09-21T17:57:52Z,200,258K,Jermain Defoe 2018-2019
fbref,https://fbref.com/en/players/f1e8372d/matchlogs/2019-2020/Jermain-Defoe-Match-Logs,2026-09-21T17:58:31Z,200,258K,Jermain Defoe 2019-2020
fbref,https://fbref.com/en/players/f1e8372d/matchlogs/2020-2021/Jermain-Defoe-Match-Logs,2026-09-21T17:58:49Z,200,241K,Jermain Defoe 2020-2021
fbref,https://fbref.com/en/players/f1e8372d/matchlogs/2021-2022/Jermain-Defoe-Match-Logs,2026-09-21T18:00:20Z,200,203K,Jermain Defoe 2021-2022
fbref,https://fbref.com/en/matches/517df8d6/Ipswich-Town-West-Ham-United-October-28-2001-Premier-League,2026-09-21T18:01:38Z,200,224K,Match Report
fbref,https://fbref.com/en/matches/f6216f9f/Charlton-Athletic-West-Ham-United-November-19-2001-Premier-League,2026-09-21T18:01:54Z,200,232K,Match Report
fbref,https://fbref.com/en/matches/549fb43e/West-Ham-United-Aston-Villa-December-5-2001-Premier-League,2026-09-21T18:02:11Z,200,216K,Match Report
fbref,https://fbref.com/en/matches/efca5589/Manchester-United-West-Ham-United-December-8-2001-Premier-League,2026-09-21T18:02:30Z,200,220K,Match Report
fbref,https://fbref.com/en/matches/206cd989/West-Ham-United-Derby-County-December-26-2001-Premier-League,2026-09-21T18:03:13Z,200,224K,Match Report
fbref,https://fbref.com/en/matches/6c498ff1/Chelsea-West-Ham-United-January-20-2002-Premier-League,2026-09-21T18:04:45Z,200,284K,Match Report
fbref,https://fbref.com/en/matches/0fdc901b/West-Ham-United-Manchester-United-March-16-2002-Premier-League,2026-09-21T18:04:55Z,200,225K,Match Report
fbref,https://fbref.com/en/matches/b0fc959d/West-Ham-United-Ipswich-Town-March-30-2002-Premier-League,2026-09-21T18:05:06Z,200,223K,Match Report
fbref,https://fbref.com/en/matches/abad6799/West-Ham-United-Sunderland-April-20-2002-Premier-League,2026-09-21T18:05:48Z,200,225K,Match Report
fbref,https://fbref.com/en/matches/346bd3c7/Chelsea-West-Ham-United-September-28-2002-Premier-League,2026-09-21T18:06:20Z,200,223K,Match Report
fbref,https://fbref.com/en/matches/cc53f1a9/West-Ham-United-Manchester-United-November-17-2002-Premier-League,2026-09-21T18:06:40Z,200,213K,Match Report
fbref,https://fbref.com/en/matches/5eb20cb7/West-Ham-United-Newcastle-United-January-11-2003-Premier-League,2026-09-21T18:07:16Z,200,228K,Match Report
fbref,https://fbref.com/en/matches/10c4be33/West-Ham-United-Blackburn-Rovers-January-29-2003-Premier-League,2026-09-21T18:07:55Z,200,228K,Match Report
fbref,https://fbref.com/en/matches/bad765bb/West-Ham-United-Sunderland-March-22-2003-Premier-League,2026-09-21T18:08:09Z,200,227K,Match Report
fbref,https://fbref.com/en/matches/0ff3dff5/Southampton-West-Ham-United-April-5-2003-Premier-League,2026-09-21T18:09:11Z,200,223K,Match Report
fbref,https://fbref.com/en/matches/280e167e/Tottenham-Hotspur-Portsmouth-February-7-2004-Premier-League,2026-09-21T18:10:35Z,200,228K,Match Report
fbref,https://fbref.com/en/matches/bfd3f974/Charlton-Athletic-Tottenham-Hotspur-February-11-2004-Premier-League,2026-09-21T18:11:25Z,200,225K,Match Report
fbref,https://fbref.com/en/matches/bb4ce4a3/Tottenham-Hotspur-Leicester-City-February-22-2004-Premier-League,2026-09-21T18:11:48Z,200,233K,Match Report
fbref,https://fbref.com/en/matches/2b585da9/Tottenham-Hotspur-Manchester-City-April-12-2004-Premier-League,2026-09-21T18:12:38Z,200,223K,Match Report
fbref,https://fbref.com/en/matches/f96970d0/Tottenham-Hotspur-Blackburn-Rovers-May-8-2004-Premier-League,2026-09-21T18:12:54Z,200,226K,Match Report
fbref,https://fbref.com/en/matches/a5b88f19/Wolverhampton-Wanderers-Tottenham-Hotspur-May-15-2004-Premier-League,2026-09-21T18:13:40Z,200,225K,Match Report
fbref,https://fbref.com/en/matches/c9397380/Tottenham-Hotspur-Liverpool-August-14-2004-Premier-League,2026-09-21T18:14:06Z,200,226K,Match Report
fbref,https://fbref.com/en/matches/7ff98454/West-Bromwich-Albion-Tottenham-Hotspur-August-25-2004-Premier-League,2026-09-21T18:14:17Z,200,226K,Match Report
fbref,https://fbref.com/en/matches/313f5a58/Tottenham-Hotspur-Birmingham-City-August-28-2004-Premier-League,2026-09-21T18:14:27Z,200,223K,Match Report
fbref,https://fbref.com/en/matches/0c4ecfd5/Tottenham-Hotspur-Charlton-Athletic-November-6-2004-Premier-League,2026-09-21T18:15:01Z,200,228K,Match Report
fbref,https://fbref.com/en/matches/ea59cb07/Tottenham-Hotspur-Middlesbrough-November-28-2004-Premier-League,2026-09-21T18:15:34Z,200,220K,Match Report
fbref,https://fbref.com/en/matches/d42cb019/Tottenham-Hotspur-Southampton-December-18-2004-Premier-League,2026-09-21T18:15:42Z,200,226K,Match Report
fbref,https://fbref.com/en/matches/3ef820b4/Tottenham-Hotspur-Crystal-Palace-December-28-2004-Premier-League,2026-09-21T18:15:48Z,200,219K,Match Report
fbref,https://fbref.com/en/matches/427512fa/Bolton-Wanderers-Tottenham-Hotspur-February-1-2005-Premier-League,2026-09-21T18:15:57Z,200,225K,Match Report
fbref,https://fbref.com/en/matches/e6a72a2b/Tottenham-Hotspur-Manchester-City-March-19-2005-Premier-League,2026-09-21T18:16:11Z,200,227K,Match Report
fbref,https://fbref.com/en/matches/40f34c30/Tottenham-Hotspur-Newcastle-United-April-10-2005-Premier-League,2026-09-21T18:16:30Z,200,225K,Match Report
fbref,https://fbref.com/en/matches/74f56c6e/Portsmouth-Tottenham-Hotspur-August-13-2005-Premier-League,2026-09-21T18:17:04Z,200,226K,Match Report
fbref,https://fbref.com/en/matches/06e16cb5/Tottenham-Hotspur-Middlesbrough-August-20-2005-Premier-League,2026-09-21T18:17:11Z,200,223K,Match Report
fbref,https://fbref.com/en/matches/d8bf2acd/Tottenham-Hotspur-Fulham-September-26-2005-Premier-League,2026-09-21T18:17:37Z,200,222K,Match Report
fbref,https://fbref.com/en/matches/8b106f4a/Tottenham-Hotspur-Portsmouth-December-12-2005-Premier-League,2026-09-21T18:17:44Z,200,225K,Match Report
fbref,https://fbref.com/en/matches/1c063a14/Tottenham-Hotspur-Birmingham-City-December-26-2005-Premier-League,2026-09-21T18:17:56Z,200,227K,Match Report
fbref,https://fbref.com/en/matches/8b7932bb/Tottenham-Hotspur-Charlton-Athletic-February-5-2006-Premier-League,2026-09-21T18:19:14Z,200,228K,Match Report
fbref,https://fbref.com/en/matches/78442ab7/Tottenham-Hotspur-Wigan-Athletic-February-19-2006-Premier-League,2026-09-21T18:19:34Z,200,226K,Match Report
fbref,https://fbref.com/en/matches/d5b8cdba/West-Ham-United-Tottenham-Hotspur-May-7-2006-Premier-League,2026-09-21T18:19:41Z,200,227K,Match Report
fbref,https://fbref.com/en/matches/55c88666/Tottenham-Hotspur-Portsmouth-October-1-2006-Premier-League,2026-09-21T18:20:17Z,200,229K,Match Report
fbref,https://fbref.com/en/matches/f31486d9/Blackburn-Rovers-Tottenham-Hotspur-November-19-2006-Premier-League,2026-09-21T18:20:27Z,200,226K,Match Report
fbref,https://fbref.com/en/matches/a69a5119/Tottenham-Hotspur-Wigan-Athletic-November-26-2006-Premier-League,2026-09-21T18:20:32Z,200,224K,Match Report
fbref,https://fbref.com/en/matches/aeeb0418/Tottenham-Hotspur-Charlton-Athletic-December-9-2006-Premier-League,2026-09-21T18:20:48Z,200,228K,Match Report
fbref,https://fbref.com/en/matches/f757d5fa/Tottenham-Hotspur-Aston-Villa-December-26-2006-Premier-League,2026-09-21T18:21:05Z,200,225K,Match Report
fbref,https://fbref.com/en/matches/ef293198/Tottenham-Hotspur-Newcastle-United-January-14-2007-Premier-League,2026-09-21T18:21:31Z,200,223K,Match Report
fbref,https://fbref.com/en/matches/fde522ca/West-Ham-United-Tottenham-Hotspur-March-4-2007-Premier-League,2026-09-21T18:21:46Z,200,234K,Match Report
fbref,https://fbref.com/en/matches/c0db27ee/Charlton-Athletic-Tottenham-Hotspur-May-7-2007-Premier-League,2026-09-21T18:22:33Z,200,227K,Match Report
fbref,https://fbref.com/en/matches/827f7669/Tottenham-Hotspur-Blackburn-Rovers-May-10-2007-Premier-League,2026-09-21T18:22:42Z,200,223K,Match Report
fbref,https://fbref.com/en/matches/f231ae8d/Tottenham-Hotspur-Manchester-City-December-9-2007-Premier-League,2026-09-21T18:22:49Z,200,226K,Match Report
fbref,https://fbref.com/en/matches/8b052091/Tottenham-Hotspur-Fulham-December-26-2007-Premier-League,2026-09-21T18:22:59Z,200,231K,Match Report
fbref,https://fbref.com/en/matches/6e144e9b/Tottenham-Hotspur-Reading-December-29-2007-Premier-League,2026-09-21T18:23:23Z,200,232K,Match Report
fbref,https://fbref.com/en/matches/f558722a/Aston-Villa-Tottenham-Hotspur-January-1-2008-Premier-League,2026-09-21T18:23:43Z,200,225K,Match Report
fbref,https://fbref.com/en/matches/faf0f1c1/Portsmouth-Chelsea-February-2-2008-Premier-League,2026-09-21T18:24:36Z,200,216K,Match Report
fbref,https://fbref.com/en/matches/54fe4004/Portsmouth-Sunderland-February-23-2008-Premier-League,2026-09-21T18:24:52Z,200,220K,Match Report
fbref,https://fbref.com/en/matches/cbc0d092/Everton-Portsmouth-March-2-2008-Premier-League,2026-09-21T18:24:59Z,200,223K,Match Report
fbref,https://fbref.com/en/matches/7b0cf7fc/Portsmouth-Birmingham-City-March-12-2008-Premier-League,2026-09-21T18:25:08Z,200,227K,Match Report
fbref,https://fbref.com/en/matches/f9e0ee0e/Portsmouth-Aston-Villa-March-15-2008-Premier-League,2026-09-21T18:25:55Z,200,223K,Match Report
fbref,https://fbref.com/en/matches/363dfc2f/Portsmouth-Wigan-Athletic-March-29-2008-Premier-League,2026-09-21T18:26:22Z,200,226K,Match Report
fbref,https://fbref.com/en/matches/ec06256e/Everton-Portsmouth-August-30-2008-Premier-League,2026-09-21T18:29:54Z,200,281K,Match Report
fbref,https://fbref.com/en/matches/67673a37/Portsmouth-Middlesbrough-September-13-2008-Premier-League,2026-09-21T18:30:54Z,200,227K,Match Report
fbref,https://fbref.com/en/matches/a6d25c80/Portsmouth-Tottenham-Hotspur-September-28-2008-Premier-League,2026-09-21T18:31:15Z,200,224K,Match Report
fbref,https://fbref.com/en/matches/2f488e68/Portsmouth-Stoke-City-October-5-2008-Premier-League,2026-09-21T18:33:16Z,200,222K,Match Report
fbref,https://fbref.com/en/matches/df2daa53/Sunderland-Portsmouth-November-8-2008-Premier-League,2026-09-21T18:34:05Z,200,227K,Match Report
fbref,https://fbref.com/en/matches/3108f03a/Portsmouth-Blackburn-Rovers-November-30-2008-Premier-League,2026-09-21T18:34:56Z,200,227K,Match Report
fbref,https://fbref.com/en/matches/ddfb9fbe/Tottenham-Hotspur-Portsmouth-January-18-2009-Premier-League,2026-09-21T18:37:57Z,200,282K,Match Report
fbref,https://fbref.com/en/matches/35709ef2/Tottenham-Hotspur-Stoke-City-January-27-2009-Premier-League,2026-09-21T18:38:51Z,200,226K,Match Report
fbref,https://fbref.com/en/matches/3ccc5a1c/Tottenham-Hotspur-Manchester-City-May-16-2009-Premier-League,2026-09-21T18:41:52Z,200,270K,Match Report
fbref,https://fbref.com/en/matches/a82d0f90/Hull-City-Tottenham-Hotspur-August-19-2009-Premier-League,2026-09-21T18:42:53Z,200,287K,Match Report
fbref,https://fbref.com/en/matches/889f202a/West-Ham-United-Tottenham-Hotspur-August-23-2009-Premier-League,2026-09-21T18:44:57Z,200,228K,Match Report
fbref,https://fbref.com/en/matches/2f938d94/Portsmouth-Tottenham-Hotspur-October-17-2009-Premier-League,2026-09-21T18:49:02Z,200,286K,Match Report
fbref,https://fbref.com/en/matches/d2495dea/Tottenham-Hotspur-Wigan-Athletic-November-22-2009-Premier-League,2026-09-21T18:52:04Z,200,275K,Match Report
fbref,https://fbref.com/en/matches/b26bef12/Everton-Tottenham-Hotspur-December-6-2009-Premier-League,2026-09-21T18:54:20Z,200,272K,Match Report
fbref,https://fbref.com/en/matches/1400a459/Tottenham-Hotspur-Manchester-City-December-16-2009-Premier-League,2026-09-21T18:57:00Z,200,224K,Match Report
fbref,https://fbref.com/en/matches/4a7904ac/Tottenham-Hotspur-West-Ham-United-December-28-2009-Premier-League,2026-09-21T18:59:17Z,200,283K,Match Report
fbref,https://fbref.com/en/matches/2aa4d896/Birmingham-City-Tottenham-Hotspur-January-30-2010-Premier-League,2026-09-21T19:01:36Z,200,266K,Match Report
fbref,https://fbref.com/en/matches/820d2139/Wigan-Athletic-Tottenham-Hotspur-February-21-2010-Premier-League,2026-09-21T19:04:06Z,200,282K,Match Report
fbref,https://fbref.com/en/matches/8c7be7ca/Tottenham-Hotspur-Blackburn-Rovers-March-13-2010-Premier-League,2026-09-21T19:06:19Z,200,283K,Match Report
fbref,https://fbref.com/en/matches/de23325b/Wolverhampton-Wanderers-Tottenham-Hotspur-March-6-2011-Premier-League,2026-09-21T19:07:45Z,200,232K,Match Report
fbref,https://fbref.com/en/matches/9193fcc3/Tottenham-Hotspur-West-Bromwich-Albion-April-23-2011-Premier-League,2026-09-21T19:08:12Z,200,229K,Match Report
fbref,https://fbref.com/en/matches/86f2ee08/Tottenham-Hotspur-Blackpool-May-7-2011-Premier-League,2026-09-21T19:08:56Z,200,231K,Match Report
fbref,https://fbref.com/en/matches/b094da96/Wolverhampton-Wanderers-Tottenham-Hotspur-September-10-2011-Premier-League,2026-09-21T19:10:07Z,200,240K,Match Report
fbref,https://fbref.com/en/matches/83c313ac/Tottenham-Hotspur-Liverpool-September-18-2011-Premier-League,2026-09-21T19:10:48Z,200,231K,Match Report
fbref,https://fbref.com/en/matches/03acf974/Newcastle-United-Tottenham-Hotspur-October-16-2011-Premier-League,2026-09-21T19:12:28Z,200,229K,Match Report
fbref,https://fbref.com/en/matches/98c2cecf/Fulham-Tottenham-Hotspur-November-6-2011-Premier-League,2026-09-21T19:13:06Z,200,227K,Match Report
fbref,https://fbref.com/en/matches/943a3993/West-Bromwich-Albion-Tottenham-Hotspur-November-26-2011-Premier-League,2026-09-21T19:13:31Z,200,237K,Match Report
fbref,https://fbref.com/en/matches/0a62cad2/Tottenham-Hotspur-Bolton-Wanderers-December-3-2011-Premier-League,2026-09-21T19:16:29Z,200,270K,Match Report
fbref,https://fbref.com/en/matches/051a3c3e/Tottenham-Hotspur-West-Bromwich-Albion-January-3-2012-Premier-League,2026-09-21T19:19:47Z,200,239K,Match Report
fbref,https://fbref.com/en/matches/7d795bf1/Manchester-City-Tottenham-Hotspur-January-22-2012-Premier-League,2026-09-21T19:21:33Z,200,223K,Match Report
fbref,https://fbref.com/en/matches/76310aba/Tottenham-Hotspur-Norwich-City-April-9-2012-Premier-League,2026-09-21T19:24:50Z,200,228K,Match Report
fbref,https://fbref.com/en/matches/1a2c37f9/Tottenham-Hotspur-Fulham-May-13-2012-Premier-League,2026-09-21T19:26:58Z,200,278K,Match Report
fbref,https://fbref.com/en/matches/ad58ac95/Newcastle-United-Tottenham-Hotspur-August-18-2012-Premier-League,2026-09-21T19:29:04Z,200,228K,Match Report
fbref,https://fbref.com/en/matches/36093639/Reading-Tottenham-Hotspur-September-16-2012-Premier-League,2026-09-21T19:31:11Z,200,232K,Match Report
fbref,https://fbref.com/en/matches/f49ce73b/Tottenham-Hotspur-Queens-Park-Rangers-September-23-2012-Premier-League,2026-09-21T19:31:40Z,200,231K,Match Report
fbref,https://fbref.com/en/matches/bfd29e5e/Tottenham-Hotspur-Chelsea-October-20-2012-Premier-League,2026-09-21T19:34:34Z,200,227K,Match Report
fbref,https://fbref.com/en/matches/f5ccfca3/Tottenham-Hotspur-West-Ham-United-November-25-2012-Premier-League,2026-09-21T19:35:24Z,200,229K,Match Report
fbref,https://fbref.com/en/matches/04c641b7/Fulham-Tottenham-Hotspur-December-1-2012-Premier-League,2026-09-21T19:36:00Z,200,228K,Match Report
fbref,https://fbref.com/en/matches/1f8e4b9d/Aston-Villa-Tottenham-Hotspur-December-26-2012-Premier-League,2026-09-21T19:37:30Z,200,227K,Match Report
fbref,https://fbref.com/en/matches/72238c88/Tottenham-Hotspur-Manchester-City-April-21-2013-Premier-League,2026-09-21T19:39:32Z,200,230K,Match Report
fbref,https://fbref.com/en/matches/c8d45540/Tottenham-Hotspur-Crystal-Palace-January-11-2014-Premier-League,2026-09-21T19:40:39Z,200,243K,Match Report
fbref,https://fbref.com/en/matches/2fbeb268/Sunderland-Burnley-January-31-2015-Premier-League,2026-09-21T19:41:22Z,200,233K,Match Report
fbref,https://fbref.com/en/matches/aacc639d/Swansea-City-Sunderland-February-7-2015-Premier-League,2026-09-21T19:41:50Z,200,233K,Match Report
fbref,https://fbref.com/en/matches/191c6e29/Sunderland-Newcastle-United-April-5-2015-Premier-League,2026-09-21T19:44:42Z,200,284K,Match Report
fbref,https://fbref.com/en/matches/c75b80ae/Everton-Sunderland-May-9-2015-Premier-League,2026-09-21T19:45:32Z,200,233K,Match Report
fbref,https://fbref.com/en/matches/a6cda14d/Leicester-City-Sunderland-August-8-2015-Premier-League,2026-09-21T19:46:56Z,200,249K,Match Report
fbref,https://fbref.com/en/matches/f9d374f6/Sunderland-Swansea-City-August-22-2015-Premier-League,2026-09-21T19:47:52Z,200,242K,Match Report
fbref,https://fbref.com/en/matches/5e72b782/Everton-Sunderland-November-1-2015-Premier-League,2026-09-21T19:50:13Z,200,306K,Match Report
fbref,https://fbref.com/en/matches/d2edefda/Crystal-Palace-Sunderland-November-23-2015-Premier-League,2026-09-21T19:50:54Z,200,244K,Match Report
fbref,https://fbref.com/en/matches/a9494dac/Sunderland-Aston-Villa-January-2-2016-Premier-League,2026-09-21T19:52:51Z,200,250K,Match Report
fbref,https://fbref.com/en/matches/248c21a7/Swansea-City-Sunderland-January-13-2016-Premier-League,2026-09-21T19:53:41Z,200,249K,Match Report
fbref,https://fbref.com/en/matches/8ebf4e50/Liverpool-Sunderland-February-6-2016-Premier-League,2026-09-21T19:53:52Z,200,246K,Match Report
fbref,https://fbref.com/en/matches/e144da5b/Southampton-Sunderland-March-5-2016-Premier-League,2026-09-21T19:54:13Z,200,245K,Match Report
fbref,https://fbref.com/en/matches/24d3e8f7/Newcastle-United-Sunderland-March-20-2016-Premier-League,2026-09-21T19:54:50Z,200,246K,Match Report
fbref,https://fbref.com/en/matches/33fb2fb2/Norwich-City-Sunderland-April-16-2016-Premier-League,2026-09-21T19:55:32Z,200,246K,Match Report
fbref,https://fbref.com/en/matches/90eab69c/Stoke-City-Sunderland-April-30-2016-Premier-League,2026-09-21T19:56:24Z,200,245K,Match Report
fbref,https://fbref.com/en/matches/663af43d/Sunderland-Chelsea-May-7-2016-Premier-League,2026-09-21T19:57:38Z,200,251K,Match Report
fbref,https://fbref.com/en/matches/928fc62b/Southampton-Sunderland-August-27-2016-Premier-League,2026-09-21T20:00:44Z,200,300K,Match Report
fbref,https://fbref.com/en/matches/a4b57066/Sunderland-Crystal-Palace-September-24-2016-Premier-League,2026-09-21T20:03:04Z,200,301K,Match Report
fbref,https://fbref.com/en/matches/ed5de6ff/Sunderland-Arsenal-October-29-2016-Premier-League,2026-09-21T20:05:59Z,200,305K,Match Report
fbref,https://fbref.com/en/matches/85c4cecf/Bournemouth-Sunderland-November-5-2016-Premier-League,2026-09-21T20:06:26Z,200,249K,Match Report
fbref,https://fbref.com/en/matches/93cbea2e/Sunderland-Hull-City-November-19-2016-Premier-League,2026-09-21T20:08:59Z,200,241K,Match Report
fbref,https://fbref.com/en/matches/d86fac52/Sunderland-Leicester-City-December-3-2016-Premier-League,2026-09-21T20:10:56Z,200,246K,Match Report
fbref,https://fbref.com/en/matches/89339d67/Burnley-Sunderland-December-31-2016-Premier-League,2026-09-21T20:12:16Z,200,247K,Match Report
fbref,https://fbref.com/en/matches/bb81b5a1/Sunderland-Liverpool-January-2-2017-Premier-League,2026-09-21T20:13:05Z,200,245K,Match Report
fbref,https://fbref.com/en/matches/61368ecb/Sunderland-Stoke-City-January-14-2017-Premier-League,2026-09-21T20:16:19Z,200,238K,Match Report
fbref,https://fbref.com/en/matches/501e50db/Crystal-Palace-Sunderland-February-4-2017-Premier-League,2026-09-21T20:18:46Z,200,291K,Match Report
fbref,https://fbref.com/en/matches/b2d5d309/Hull-City-Sunderland-May-6-2017-Premier-League,2026-09-21T20:19:30Z,200,240K,Match Report
fbref,https://fbref.com/en/matches/00836893/Bournemouth-Brighton-and-Hove-Albion-September-15-2017-Premier-League,2026-09-21T20:20:36Z,200,242K,Match Report
fbref,https://fbref.com/en/matches/4aa97fef/Crystal-Palace-Bournemouth-December-9-2017-Premier-League,2026-09-21T20:21:04Z,200,251K,Match Report
fbref,https://fbref.com/en/matches/fe2d2f2c/Watford-Bournemouth-March-31-2018-Premier-League,2026-09-21T20:22:20Z,200,248K,Match Report
fbref,https://fbref.com/en/matches/19384205/Kilmarnock-Rangers-January-23-2019-Scottish-Premiership,2026-09-21T20:24:38Z,200,282K,Match Report
fbref,https://fbref.com/en/matches/6468deda/Rangers-St-Mirren-February-2-2019-Scottish-Premiership,2026-09-21T20:25:46Z,200,246K,Match Report
fbref,https://fbref.com/en/matches/780d9d0b/Aberdeen-Rangers-February-6-2019-Scottish-Premiership,2026-09-21T20:26:08Z,200,246K,Match Report
fbref,https://fbref.com/en/matches/470b13c3/Hamilton-Academical-Rangers-February-24-2019-Scottish-Premiership,2026-09-21T20:26:24Z,200,242K,Match Report
fbref,https://fbref.com/en/matches/06fa5434/Rangers-Dundee-February-27-2019-Scottish-Premiership,2026-09-21T20:28:36Z,200,241K,Match Report
fbref,https://fbref.com/en/matches/63e0b6c3/Rangers-Heart-of-Midlothian-April-3-2019-Scottish-Premiership,2026-09-21T20:29:07Z,200,244K,Match Report
fbref,https://fbref.com/en/matches/70a49514/Heart-of-Midlothian-Rangers-April-20-2019-Scottish-Premiership,2026-09-21T20:29:37Z,200,244K,Match Report
fbref,https://fbref.com/en/matches/a6f59c1b/Rangers-Hibernian-May-5-2019-Scottish-Premiership,2026-09-21T20:30:22Z,200,245K,Match Report
fbref,https://fbref.com/en/matches/a00afe87/Rangers-Hibernian-August-11-2019-Scottish-Premiership,2026-09-21T20:33:19Z,200,253K,Match Report
fbref,https://fbref.com/en/matches/b5128ec9/St-Johnstone-Rangers-September-22-2019-Scottish-Premiership,2026-09-21T20:33:49Z,200,245K,Match Report
fbref,https://fbref.com/en/matches/f5b14954/Rangers-Aberdeen-September-28-2019-Scottish-Premiership,2026-09-21T20:35:16Z,200,246K,Match Report
fbref,https://fbref.com/en/matches/f701eeb3/Rangers-Hamilton-Academical-October-6-2019-Scottish-Premiership,2026-09-21T20:36:04Z,200,243K,Match Report
fbref,https://fbref.com/en/matches/6b7e85f1/Rangers-Motherwell-October-27-2019-Scottish-Premiership,2026-09-21T20:38:36Z,200,246K,Match Report
fbref,https://fbref.com/en/matches/6ec85257/Hibernian-Rangers-December-20-2019-Scottish-Premiership,2026-09-21T20:39:21Z,200,248K,Match Report
fbref,https://fbref.com/en/matches/2781a5c1/Rangers-St-Mirren-January-22-2020-Scottish-Premiership,2026-09-21T20:40:23Z,200,241K,Match Report
fbref,https://fbref.com/en/matches/f3b9f798/Rangers-Ross-County-January-29-2020-Scottish-Premiership,2026-09-21T20:42:13Z,200,246K,Match Report
fbref,https://fbref.com/en/matches/4ed405d1/Rangers-Livingston-October-25-2020-Scottish-Premiership,2026-09-21T20:44:09Z,200,247K,Match Report
fbref,https://fbref.com/en/matches/26a8e571/Ross-County-Rangers-December-6-2020-Scottish-Premiership,2026-09-21T20:45:13Z,200,257K,Match Report
fbref,https://fbref.com/en/matches/0befde00/Old-Firm-Derby-Rangers-Celtic-May-2-2021-Scottish-Premiership,2026-09-21T20:47:50Z,200,250K,Match Report
fbref,https://fbref.com/en/matches/78c8aae6/Rangers-Aberdeen-May-15-2021-Scottish-Premiership,2026-09-21T20:48:33Z,200,251K,Match Report
